{
	"format_version": "1.8.0",
	"animations": {
		"idle": {
			"loop": true,
			"animation_length": 3,
			"bones": {
				"Root": {
					"rotation": [0, 0, 0],
					"scale": 1
				},
				"UpBody": {
					"rotation": [0, 0, 0],
					"position": {
						"0.0": [0, 0, 0],
						"0.5417": [0, 0.08201, 0],
						"1.0833": [0, 0.06477, 0],
						"1.5": [0, 0, 0],
						"2.0417": [0, -0.07584, 0],
						"2.5833": [0, -0.07343, 0],
						"3.0": [0, 0, 0]
					}
				},
				"LeftArm": {
					"rotation": {
						"0.0": [0, 0, 0],
						"0.5417": [0, 0, -0.31051],
						"1.0833": [0, 0, -0.7942],
						"1.5": [0, 0, -1],
						"2.0417": [0, 0, -0.69386],
						"2.5833": [0, 0, -0.19959],
						"3.0": [0, 0, 0]
					},
					"position": [0, 0, 0]
				},
				"LeftForeArm": {
					"rotation": [0, 0, 0],
					"position": [0, 0, 0]
				},
				"RightArm": {
					"rotation": {
						"0.0": [0, 0, 0],
						"0.5417": [0, 0, 0.31051],
						"1.0833": [0, 0, 0.7942],
						"1.5": [0, 0, 1],
						"2.0417": [0, 0, 0.69386],
						"2.5833": [0, 0, 0.19959],
						"3.0": [0, 0, 0]
					},
					"position": [0, 0, 0]
				},
				"RightForeArm": {
					"rotation": [0, 0, 0],
					"position": [0, 0, 0]
				},
				"LeftLeg": {
					"rotation": [0, 0, 0],
					"position": [0, 0, 0]
				},
				"LeftLowerLeg": {
					"rotation": [0, 0, 0],
					"position": [0, 0, 0]
				},
				"LeftFoot": {
					"rotation": [0, 0, 0],
					"position": [0, 0, 0]
				},
				"RightLeg": {
					"rotation": [0, 0, 0],
					"position": [0, 0, 0]
				},
				"RightLowerLeg": {
					"rotation": [0, 0, 0],
					"position": [0, 0, 0]
				},
				"RightFoot": {
					"rotation": [0, 0, 0],
					"position": [0, 0, 0]
				},
				"AllBody": {
					"rotation": [0, 0, 0],
					"position": [0, 0, 0],
					"scale": 1
				},
				"AllHead": {
					"rotation": [0, 0, 0],
					"position": [0, 0, 0]
				},
				"Head": {
					"rotation": [0, 0, 0],
					"position": [0, 0, 0]
				},
				"molang": {
					"rotation": ["v.bv=0", "v.gv=0", 0]
				}
			}
		},
		"run": {
			"loop": true,
			"animation_length": 0.6667,
			"bones": {
				"Root": {
					"rotation": [0, 0, "0.4*ysm.head_yaw"],
					"position": {
						"0.0": [0, -0.9, 0.2],
						"0.0417": [0, -1.3, 0.01],
						"0.0833": [0, -1.2, 0.1],
						"0.125": [0, -0.86, 0.25],
						"0.1667": [0, -0.59, 0.36],
						"0.2083": [0, -0.4, 0.45],
						"0.25": [0, -0.3, 0.5],
						"0.2917": [0, -0.42, 0.4],
						"0.3333": [0, -0.9, 0.2],
						"0.375": [0, -1.3, 0.01],
						"0.4167": [0, -1.2, 0.1],
						"0.4583": [0, -0.86, 0.25],
						"0.5": [0, -0.59, 0.36],
						"0.5417": [0, -0.4, 0.45],
						"0.5833": [0, -0.3, 0.5],
						"0.625": [0, -0.42, 0.4],
						"0.6667": [0, -0.9, 0.2]
					}
				},
				"UpBody": {
					"rotation": {
						"0.0": [15.59, -16.61, -3.27],
						"0.0417": [16.48, -15.61, -3.24],
						"0.0833": [18.62, -9.82, -1.99],
						"0.125": [18.43, -4.06, -0.98],
						"0.1667": [17.86, 1.32, 0.01],
						"0.2083": [17.22, 6.34, 0.97],
						"0.25": [16.56, 10.88, 1.87],
						"0.2917": [15.96, 14.63, 2.68],
						"0.3333": [15.59, 16.61, 3.27],
						"0.375": [16.48, 15.61, 3.24],
						"0.4167": [18.62, 9.82, 1.99],
						"0.4583": [18.43, 4.06, 0.98],
						"0.5": [17.86, -1.32, -0.01],
						"0.5417": [17.22, -6.34, -0.97],
						"0.5833": [16.56, -10.88, -1.87],
						"0.625": [15.96, -14.63, -2.68],
						"0.6667": [15.59, -16.61, -3.27]
					}
				},
				"Head": {
					"rotation": {
						"0.0": [-15.25, 17.41, -0.82],
						"0.0417": [-17.46, 16.61, -0.55],
						"0.0833": [-19.35, 11.77, -0.43],
						"0.125": [-18.37, 5.19, -0.07],
						"0.1667": [-17.37, -0.92, 0.25],
						"0.2083": [-16.44, -6.54, 0.53],
						"0.25": [-15.64, -11.51, 0.75],
						"0.2917": [-15.09, -15.48, 0.89],
						"0.3333": [-15.25, -17.41, 0.82],
						"0.375": [-17.46, -16.61, 0.55],
						"0.4167": [-19.35, -11.77, 0.43],
						"0.4583": [-18.37, -5.19, 0.07],
						"0.5": [-17.37, 0.92, -0.25],
						"0.5417": [-16.44, 6.54, -0.53],
						"0.5833": [-15.64, 11.51, -0.75],
						"0.625": [-15.09, 15.48, -0.89],
						"0.6667": [-15.25, 17.41, -0.82]
					}
				},
				"LeftArm": {
					"rotation": {
						"0.0": [20.68, -7.54, -6.93],
						"0.0417": [17.54, -8.09, -6.24],
						"0.0833": [13.07, -9.41, -4.56],
						"0.125": [7.88, -11.19, -2.32],
						"0.1667": [2.51, -13.16, 0.17],
						"0.2083": [-2.45, -15.14, 2.66],
						"0.25": [-6.35, -16.91, 4.9],
						"0.2917": [-8.39, -18.24, 6.57],
						"0.3333": [-7.51, -18.79, 7.26],
						"0.375": [-3.74, -18.24, 6.57],
						"0.4167": [1.3, -16.91, 4.9],
						"0.4583": [6.8, -15.14, 2.66],
						"0.5": [12.12, -13.16, 0.17],
						"0.5417": [16.7, -11.19, -2.32],
						"0.5833": [20.02, -9.41, -4.56],
						"0.625": [21.55, -8.09, -6.24],
						"0.6667": [20.68, -7.54, -6.93]
					}
				},
				"LeftForeArm": {
					"rotation": {
						"0.0": [-40, 0, 0],
						"0.0417": [-50.18, 0, 0],
						"0.0833": [-61.88, 0, 0],
						"0.125": [-73.8, 0, 0],
						"0.1667": [-84.51, 0, 0],
						"0.2083": [-92.64, 0, 0],
						"0.25": [-96.98, 0, 0],
						"0.2917": [-96.62, 0, 0],
						"0.3333": [-91, 0, 0],
						"0.375": [-81.5, 0, 0],
						"0.4167": [-70.34, 0, 0],
						"0.4583": [-58.64, 0, 0],
						"0.5": [-47.73, 0, 0],
						"0.5417": [-39.07, 0, 0],
						"0.5833": [-34.12, 0, 0],
						"0.625": [-34.12, 0, 0],
						"0.6667": [-40, 0, 0]
					}
				},
				"RightArm": {
					"rotation": {
						"0.0": [-7.51, 18.79, -7.26],
						"0.0417": [-3.74, 18.24, -6.57],
						"0.0833": [1.3, 16.91, -4.9],
						"0.125": [6.8, 15.14, -2.66],
						"0.1667": [12.12, 13.16, -0.17],
						"0.2083": [16.7, 11.19, 2.32],
						"0.25": [20.02, 9.41, 4.56],
						"0.2917": [21.55, 8.09, 6.24],
						"0.3333": [20.68, 7.54, 6.93],
						"0.375": [17.54, 8.09, 6.24],
						"0.4167": [13.07, 9.41, 4.56],
						"0.4583": [7.88, 11.19, 2.32],
						"0.5": [2.51, 13.16, -0.17],
						"0.5417": [-2.45, 15.14, -2.66],
						"0.5833": [-6.35, 16.91, -4.9],
						"0.625": [-8.39, 18.24, -6.57],
						"0.6667": [-7.51, 18.79, -7.26]
					}
				},
				"RightForeArm": {
					"rotation": {
						"0.0": [-91, 0, 0],
						"0.0417": [-81.5, 0, 0],
						"0.0833": [-70.34, 0, 0],
						"0.125": [-58.64, 0, 0],
						"0.1667": [-47.73, 0, 0],
						"0.2083": [-39.07, 0, 0],
						"0.25": [-34.12, 0, 0],
						"0.2917": [-34.12, 0, 0],
						"0.3333": [-40, 0, 0],
						"0.375": [-50.18, 0, 0],
						"0.4167": [-61.88, 0, 0],
						"0.4583": [-73.8, 0, 0],
						"0.5": [-84.51, 0, 0],
						"0.5417": [-92.64, 0, 0],
						"0.5833": [-96.98, 0, 0],
						"0.625": [-96.62, 0, 0],
						"0.6667": [-91, 0, 0]
					}
				},
				"LeftLeg": {
					"rotation": {
						"0.0": [-32.5, 0, 0],
						"0.0417": [-23.31, 0, 0],
						"0.0833": [-8.91, 0, 0],
						"0.125": [7.96, 0, 0],
						"0.1667": [21.15, 0, 0],
						"0.2083": [28, 0, 0],
						"0.25": [30, 0, 0],
						"0.2917": [35.75, 0, 0],
						"0.3333": [35, 0, 0],
						"0.375": [12.03, 0, 0],
						"0.4167": [-15, 0, 0],
						"0.4583": [-24.11, 0, 0],
						"0.5": [-31.9, 0, 0],
						"0.5417": [-38.12, 0, 0],
						"0.5833": [-42.5, 0, 0],
						"0.625": [-42.02, 0, 0],
						"0.6667": [-32.5, 0, 0]
					}
				},
				"LeftLowerLeg": {
					"rotation": {
						"0.0": [12.5, 0, 0],
						"0.0417": [18.91, 0, 0],
						"0.0833": [25, 0, 0],
						"0.125": [23.96, 0, 0],
						"0.1667": [20.78, 0, 0],
						"0.2083": [19.08, 0, 0],
						"0.25": [22.5, 0, 0],
						"0.2917": [50.17, 0, 0],
						"0.3333": [82.5, 0, 0],
						"0.375": [109.38, 0, 0],
						"0.4167": [117.5, 0, 0],
						"0.4583": [102.04, 0, 0],
						"0.5": [75.63, 0, 0],
						"0.5417": [47.65, 0, 0],
						"0.5833": [27.5, 0, 0],
						"0.625": [14.38, 0, 0],
						"0.6667": [12.5, 0, 0]
					}
				},
				"LeftFoot": {
					"rotation": {
						"0.0": [-2.5, 0, 0],
						"0.0417": [-11.72, 0, 0],
						"0.0833": [-15, 0, 0],
						"0.125": [-5.99, 0, 0],
						"0.1667": [8.6, 0, 0],
						"0.2083": [23.26, 0, 0],
						"0.25": [32.5, 0, 0],
						"0.2917": [30.78, 0, 0],
						"0.3333": [22.5, 0, 0],
						"0.375": [18.91, 0, 0],
						"0.4167": [17.5, 0, 0],
						"0.4583": [19.32, 0, 0],
						"0.5": [22.66, 0, 0],
						"0.5417": [25.29, 0, 0],
						"0.5833": [25, 0, 0],
						"0.625": [11.72, 0, 0],
						"0.6667": [-2.5, 0, 0]
					}
				},
				"RightLeg": {
					"rotation": {
						"0.0": [35, 0, 0],
						"0.0417": [11.71, 0, 0],
						"0.0833": [-15, 0, 0],
						"0.125": [-24.12, 0, 0],
						"0.1667": [-31.91, 0, 0],
						"0.2083": [-38.12, 0, 0],
						"0.25": [-42.5, 0, 0],
						"0.2917": [-42.02, 0, 0],
						"0.3333": [-32.5, 0, 0],
						"0.375": [-23.31, 0, 0],
						"0.4167": [-8.91, 0, 0],
						"0.4583": [7.96, 0, 0],
						"0.5": [21.15, 0, 0],
						"0.5417": [28, 0, 0],
						"0.5833": [30, 0, 0],
						"0.625": [32.62, 0, 0],
						"0.6667": [35, 0, 0]
					}
				},
				"RightLowerLeg": {
					"rotation": {
						"0.0": [82.5, 0, 0],
						"0.0417": [105.64, 0, 0],
						"0.0833": [117.5, 0, 0],
						"0.125": [102.02, 0, 0],
						"0.1667": [75.61, 0, 0],
						"0.2083": [47.65, 0, 0],
						"0.25": [27.5, 0, 0],
						"0.2917": [13.59, 0, 0],
						"0.3333": [12.5, 0, 0],
						"0.375": [17.97, 0, 0],
						"0.4167": [25, 0, 0],
						"0.4583": [23.97, 0, 0],
						"0.5": [20.78, 0, 0],
						"0.5417": [19.08, 0, 0],
						"0.5833": [22.5, 0, 0],
						"0.625": [52.34, 0, 0],
						"0.6667": [82.5, 0, 0]
					}
				},
				"RightFoot": {
					"rotation": {
						"0.0": [22.5, 0, 0],
						"0.0417": [19.53, 0, 0],
						"0.0833": [17.5, 0, 0],
						"0.125": [19.32, 0, 0],
						"0.1667": [22.66, 0, 0],
						"0.2083": [25.29, 0, 0],
						"0.25": [25, 0, 0],
						"0.2917": [12.49, 0, 0],
						"0.3333": [-2.5, 0, 0],
						"0.375": [-13.44, 0, 0],
						"0.4167": [-15, 0, 0],
						"0.4583": [-6, 0, 0],
						"0.5": [8.59, 0, 0],
						"0.5417": [23.27, 0, 0],
						"0.5833": [32.5, 0, 0],
						"0.625": [30.47, 0, 0],
						"0.6667": [22.5, 0, 0]
					}
				},
				"LongHair": {
					"rotation": {
						"0.0": [6.44058, 0, 0],
						"0.0417": [5.38116, 0, 0],
						"0.125": [0, 0, 0],
						"0.1667": [-1.05942, 0, 0],
						"0.2083": [0, 0, 0],
						"0.2917": [5.38116, 0, 0],
						"0.3333": [6.44058, 0, 0],
						"0.375": [5.38116, 0, 0],
						"0.4583": [0, 0, 0],
						"0.5": [-1.05942, 0, 0],
						"0.5417": [0, 0, 0],
						"0.625": [5.38116, 0, 0],
						"0.6667": [6.44058, 0, 0]
					}
				},
				"molang": {
					"rotation": ["v.bv=math.sin(20+query.life_time*1200)*5", 0, 0]
				},
				"UpperBody_yifu_1ZSCA": {
					"rotation": {
						"0.0": {
							"post": [12.5, 0, 0],
							"lerp_mode": "catmullrom"
						},
						"0.1667": {
							"post": [0, 0, 0],
							"lerp_mode": "catmullrom"
						},
						"0.25": {
							"post": [1.25, 0, 0],
							"lerp_mode": "catmullrom"
						},
						"0.3333": {
							"post": [12.5, 0, 0],
							"lerp_mode": "catmullrom"
						},
						"0.5": {
							"post": [0, 0, 0],
							"lerp_mode": "catmullrom"
						},
						"0.5833": {
							"post": [1.25, 0, 0],
							"lerp_mode": "catmullrom"
						},
						"0.6667": {
							"post": [12.5, 0, 0],
							"lerp_mode": "catmullrom"
						}
					}
				},
				"UpperBody_yifu_1ZSCA1": {
					"rotation": {
						"0.0": {
							"post": [49.666, -1.0309, -0.72396],
							"lerp_mode": "catmullrom"
						},
						"0.1667": {
							"post": [-5.334, -1.0309, -0.72396],
							"lerp_mode": "catmullrom"
						},
						"0.25": {
							"post": [4.666, -1.0309, -0.72396],
							"lerp_mode": "catmullrom"
						},
						"0.3333": {
							"post": [49.666, -1.0309, -0.72396],
							"lerp_mode": "catmullrom"
						},
						"0.5": {
							"post": [-5.334, -1.0309, -0.72396],
							"lerp_mode": "catmullrom"
						},
						"0.5833": {
							"post": [4.666, -1.0309, -0.72396],
							"lerp_mode": "catmullrom"
						},
						"0.6667": {
							"post": [49.666, -1.0309, -0.72396],
							"lerp_mode": "catmullrom"
						}
					}
				},
				"UpperBody_yifu_1ZSDC2": {
					"rotation": {
						"0.0": {
							"post": [17.5, 0, 0],
							"lerp_mode": "catmullrom"
						},
						"0.1667": {
							"post": [-2.5, 0, 0],
							"lerp_mode": "catmullrom"
						},
						"0.25": {
							"post": [0, 0, 0],
							"lerp_mode": "catmullrom"
						},
						"0.3333": {
							"post": [17.5, 0, 0],
							"lerp_mode": "catmullrom"
						},
						"0.5": {
							"post": [-2.5, 0, 0],
							"lerp_mode": "catmullrom"
						},
						"0.5833": {
							"post": [0, 0, 0],
							"lerp_mode": "catmullrom"
						},
						"0.6667": {
							"post": [17.5, 0, 0],
							"lerp_mode": "catmullrom"
						}
					}
				},
				"UppweBody_yifu_1ZSC3": {
					"rotation": {
						"0.0": {
							"post": [20, 0, 0],
							"lerp_mode": "catmullrom"
						},
						"0.1667": {
							"post": [-5, 0, 0],
							"lerp_mode": "catmullrom"
						},
						"0.25": {
							"post": [5, 0, 0],
							"lerp_mode": "catmullrom"
						},
						"0.3333": {
							"post": [20, 0, 0],
							"lerp_mode": "catmullrom"
						},
						"0.5": {
							"post": [-5, 0, 0],
							"lerp_mode": "catmullrom"
						},
						"0.5833": {
							"post": [5, 0, 0],
							"lerp_mode": "catmullrom"
						},
						"0.6667": {
							"post": [20, 0, 0],
							"lerp_mode": "catmullrom"
						}
					}
				},
				"UpperBody_yifu_1ZSB1": {
					"rotation": {
						"0.0": {
							"post": [-15, 0, 0],
							"lerp_mode": "catmullrom"
						},
						"0.0833": {
							"post": [-13.5, 0, 0],
							"lerp_mode": "catmullrom"
						},
						"0.2083": {
							"post": [-17.5, 0, 0],
							"lerp_mode": "catmullrom"
						},
						"0.25": {
							"post": [-19.17, 0, 0],
							"lerp_mode": "catmullrom"
						},
						"0.2917": {
							"post": [-19.58, 0, 0],
							"lerp_mode": "catmullrom"
						},
						"0.3333": {
							"post": [-15, 0, 0],
							"lerp_mode": "catmullrom"
						},
						"0.4167": {
							"post": [-13.33, 0, 0],
							"lerp_mode": "catmullrom"
						},
						"0.5": {
							"post": [-17.91, 0, 0],
							"lerp_mode": "catmullrom"
						},
						"0.5833": {
							"post": [-17.5, 0, 0],
							"lerp_mode": "catmullrom"
						},
						"0.6667": {
							"post": [-15, 0, 0],
							"lerp_mode": "catmullrom"
						}
					}
				},
				"UpperBody_yifu_1ZSa2": {
					"rotation": {
						"0.0": {
							"post": [-37.5, 0, 0],
							"lerp_mode": "catmullrom"
						},
						"0.0833": {
							"post": [-16.5, 0, 0],
							"lerp_mode": "catmullrom"
						},
						"0.2083": {
							"post": [-35, 0, 0],
							"lerp_mode": "catmullrom"
						},
						"0.25": {
							"post": [-40.83, 0, 0],
							"lerp_mode": "catmullrom"
						},
						"0.2917": {
							"post": [-41.66, 0, 0],
							"lerp_mode": "catmullrom"
						},
						"0.3333": {
							"post": [-37.5, 0, 0],
							"lerp_mode": "catmullrom"
						},
						"0.4167": {
							"post": [-6.67, 0, 0],
							"lerp_mode": "catmullrom"
						},
						"0.5": {
							"post": [-27.08, 0, 0],
							"lerp_mode": "catmullrom"
						},
						"0.5833": {
							"post": [-42.5, 0, 0],
							"lerp_mode": "catmullrom"
						},
						"0.6667": {
							"post": [-37.5, 0, 0],
							"lerp_mode": "catmullrom"
						}
					}
				},
				"UpperBody_yifu_1ZsB2": {
					"rotation": {
						"0.0": {
							"post": [-27.5, 0, 0],
							"lerp_mode": "catmullrom"
						},
						"0.0833": {
							"post": [-14.5, 0, 0],
							"lerp_mode": "catmullrom"
						},
						"0.2083": {
							"post": [-32.5, 0, 0],
							"lerp_mode": "catmullrom"
						},
						"0.25": {
							"post": [-40, 0, 0],
							"lerp_mode": "catmullrom"
						},
						"0.2917": {
							"post": [-42.5, 0, 0],
							"lerp_mode": "catmullrom"
						},
						"0.3333": {
							"post": [-39.4, 0, 0],
							"lerp_mode": "catmullrom"
						},
						"0.4167": {
							"post": [-6.54, 0, 0],
							"lerp_mode": "catmullrom"
						},
						"0.5": {
							"post": [-24.93, 0, 0],
							"lerp_mode": "catmullrom"
						},
						"0.5833": {
							"post": [-38.33, 0, 0],
							"lerp_mode": "catmullrom"
						},
						"0.6667": {
							"post": [-27.5, 0, 0],
							"lerp_mode": "catmullrom"
						}
					}
				}
			}
		},
		"walk": {
			"loop": true,
			"animation_length": 1,
			"bones": {
				"Root": {
					"rotation": {
						"0.0": [0, 0, 0],
						"0.0833": [0, 0, 0],
						"0.1667": [0, 0, 0],
						"0.25": [0, 0, 0],
						"0.3333": [0, 0, 0],
						"0.4167": [0, 0, 0],
						"0.5": [0, 0, 0]
					},
					"position": {
						"0.0": [0, -0.5, 0],
						"0.0833": [0.06, -0.66, 0],
						"0.125": [0.1, -0.7, 0],
						"0.1667": [0.16, -0.63, 0],
						"0.25": [0.27, -0.39, 0],
						"0.3333": [0.24, -0.22, 0],
						"0.375": [0.2, -0.2, 0],
						"0.4167": [0.14, -0.27, 0],
						"0.5": [0, -0.5, 0],
						"0.5833": [-0.07, -0.67, 0],
						"0.625": [-0.1, -0.7, 0],
						"0.6667": [-0.16, -0.63, 0],
						"0.75": [-0.27, -0.39, 0],
						"0.8333": [-0.24, -0.22, 0],
						"0.875": [-0.2, -0.2, 0],
						"0.9167": [-0.14, -0.28, 0],
						"1.0": [0, -0.5, 0]
					},
					"scale": 1
				},
				"AllBody": {
					"rotation": [0, 0, 0],
					"position": [0, 0, 0],
					"scale": 1
				},
				"UpBody": {
					"rotation": {
						"0.0": [0, -2, 0],
						"0.0833": [0.02, -1.13, 0.78],
						"0.125": [0.02, -0.5, 1],
						"0.1667": [0.02, -0.24, 0.97],
						"0.25": [0.02, 0.41, 0.81],
						"0.3333": [0.01, 1.11, 0.55],
						"0.4167": [0, 1.69, 0.26],
						"0.5": [0, 2, 0],
						"0.5833": [0.02, 1.22, -0.81],
						"0.625": [0.02, 0.5, -1],
						"0.6667": [0.02, 0.24, -0.97],
						"0.75": [0.02, -0.47, -0.79],
						"0.8333": [0.01, -1.22, -0.51],
						"0.9167": [0, -1.81, -0.22],
						"1.0": [0, -2, 0]
					},
					"position": [0, 0, 0]
				},
				"UpperBody_yifu_1ZSCA1": {
					"rotation": {
						"0.0": {
							"post": [10, 0, 0],
							"lerp_mode": "catmullrom"
						},
						"0.25": {
							"post": [-7.5, 0, 0],
							"lerp_mode": "catmullrom"
						},
						"0.5": {
							"post": [10, 0, 0],
							"lerp_mode": "catmullrom"
						},
						"0.75": {
							"post": [-7.5, 0, 0],
							"lerp_mode": "catmullrom"
						},
						"1.0": {
							"post": [10, 0, 0],
							"lerp_mode": "catmullrom"
						}
					}
				},
				"UppweBody_yifu_1ZSC3": {
					"rotation": {
						"0.0": {
							"post": [12.5, 0, 0],
							"lerp_mode": "catmullrom"
						},
						"0.25": {
							"post": [-12.5, 0, 0],
							"lerp_mode": "catmullrom"
						},
						"0.5": {
							"post": [12.5, 0, 0],
							"lerp_mode": "catmullrom"
						},
						"0.75": {
							"post": [-12.5, 0, 0],
							"lerp_mode": "catmullrom"
						},
						"1.0": {
							"post": [12.5, 0, 0],
							"lerp_mode": "catmullrom"
						}
					}
				},
				"UpperBody_yifu_1ZSa2": {
					"rotation": {
						"0.0": {
							"post": [-30, 0, 0],
							"lerp_mode": "catmullrom"
						},
						"0.125": {
							"post": [-22.66, 0, 0],
							"lerp_mode": "catmullrom"
						},
						"0.25": {
							"post": [-12.5, 0, 0],
							"lerp_mode": "catmullrom"
						},
						"0.375": {
							"post": [-22.66, 0, 0],
							"lerp_mode": "catmullrom"
						},
						"0.5": {
							"post": [-30, 0, 0],
							"lerp_mode": "catmullrom"
						},
						"0.625": {
							"post": [-22.66, 0, 0],
							"lerp_mode": "catmullrom"
						},
						"0.75": {
							"post": [-12.5, 0, 0],
							"lerp_mode": "catmullrom"
						},
						"0.875": {
							"post": [-22.66, 0, 0],
							"lerp_mode": "catmullrom"
						},
						"1.0": {
							"post": [-30, 0, 0],
							"lerp_mode": "catmullrom"
						}
					}
				},
				"UpperBody_yifu_1ZsB2": {
					"rotation": {
						"0.0": {
							"post": [-27.5, 0, 0],
							"lerp_mode": "catmullrom"
						},
						"0.125": {
							"post": [-21.56, 0, 0],
							"lerp_mode": "catmullrom"
						},
						"0.25": {
							"post": [-12.5, 0, 0],
							"lerp_mode": "catmullrom"
						},
						"0.375": {
							"post": [-21.56, 0, 0],
							"lerp_mode": "catmullrom"
						},
						"0.5": {
							"post": [-27.5, 0, 0],
							"lerp_mode": "catmullrom"
						},
						"0.625": {
							"post": [-21.56, 0, 0],
							"lerp_mode": "catmullrom"
						},
						"0.75": {
							"post": [-12.5, 0, 0],
							"lerp_mode": "catmullrom"
						},
						"0.875": {
							"post": [-21.56, 0, 0],
							"lerp_mode": "catmullrom"
						},
						"1.0": {
							"post": [-27.5, 0, 0],
							"lerp_mode": "catmullrom"
						}
					}
				},
				"AllHead": {
					"rotation": {
						"0.0": [0, 0, 0],
						"0.0833": [-0.07, -0.04, -2.13],
						"0.125": [-0.12, -0.05, -2.5],
						"0.1667": [-0.14, -0.04, -2.24],
						"0.25": [-0.19, -0.02, -1.2],
						"0.3333": [-0.24, 0, 0.21],
						"0.4167": [-0.28, 0.02, 1.58],
						"0.5": [-0.3, 0.04, 2.5],
						"0.5833": [-0.19, 0.05, 2.87],
						"0.625": [-0.12, 0.05, 2.5],
						"0.6667": [-0.11, 0.04, 2.31],
						"0.75": [-0.07, 0.03, 1.76],
						"0.8333": [-0.04, 0.02, 1.08],
						"0.9167": [-0.02, 0.01, 0.43],
						"1.0": [0, 0, 0]
					},
					"position": [0, 0, 0]
				},
				"Head": {
					"rotation": {
						"0.0": [0, 3, -0.03],
						"0.0833": [0.04, 4.1, 1.67],
						"0.125": [0.06, 4.03, 1.95],
						"0.1667": [0.07, 3.72, 1.73],
						"0.25": [0.07, 2.65, 0.83],
						"0.3333": [0.08, 1.28, -0.37],
						"0.4167": [0.08, -0.06, -1.5],
						"0.5": [0.08, -1.03, -2.22],
						"0.5833": [0.05, -2.29, -1.94],
						"0.625": [0.04, -2.02, -1.45],
						"0.6667": [0.03, -1.7, -1.31],
						"0.75": [0.02, -0.61, -0.97],
						"0.8333": [0.01, 0.78, -0.6],
						"0.9167": [0, 2.11, -0.27],
						"1.0": [0, 3, -0.03]
					}
				},
				"RightArm": {
					"rotation": {
						"0.0": [-15, 0, 2],
						"0.0833": [-11.04, 0, 2],
						"0.1667": [-5, 0, 2],
						"0.25": [1.88, 0, 2],
						"0.3333": [8.33, 0, 2],
						"0.4167": [13.13, 0, 2],
						"0.5": [15, 0, 2],
						"0.5833": [12.84, 0, 2],
						"0.6667": [7.41, 0, 2],
						"0.75": [0.31, 0, 2],
						"0.8333": [-6.85, 0, 2],
						"0.9167": [-12.49, 0, 2],
						"1.0": [-15, 0, 2]
					},
					"position": [0, 0, 0]
				},
				"RightForeArm": {
					"rotation": {
						"0.0": [-7.5, 0, -8],
						"0.0833": [-8.94, 0, -8],
						"0.1667": [-11, 0, -8],
						"0.25": [-13.4, 0, -8],
						"0.3333": [-15.88, 0, -8],
						"0.4167": [-18.17, 0, -8],
						"0.5": [-20, 0, -8],
						"0.5833": [-24.71, 0, -8],
						"0.6667": [-25.59, 0, -8],
						"0.75": [-22.31, 0, -8],
						"0.8333": [-16.9, 0, -8],
						"0.9167": [-11.31, 0, -8],
						"1.0": [-7.5, 0, -8]
					},
					"position": [0, 0, 0]
				},
				"LeftArm": {
					"rotation": {
						"0.0": [15, 0, -2],
						"0.0833": [11.04, 0, -2],
						"0.1667": [5, 0, -2],
						"0.25": [-1.87, 0, -2],
						"0.3333": [-8.33, 0, -2],
						"0.4167": [-13.12, 0, -2],
						"0.5": [-15, 0, -2],
						"0.5833": [-13.13, 0, -2],
						"0.6667": [-8.33, 0, -2],
						"0.75": [-1.87, 0, -2],
						"0.8333": [5, 0, -2],
						"0.9167": [11.04, 0, -2],
						"1.0": [15, 0, -2]
					},
					"position": [0, 0, 0]
				},
				"LeftForeArm": {
					"rotation": {
						"0.0": [-7.5, 0, 8],
						"0.0833": [-11.31, 0, 8],
						"0.1667": [-16.9, 0, 8],
						"0.25": [-22.31, 0, 8],
						"0.3333": [-25.59, 0, 8],
						"0.4167": [-24.71, 0, 8],
						"0.5": [-20, 0, 8],
						"0.5833": [-18.09, 0, 8],
						"0.6667": [-15.61, 0, 8],
						"0.75": [-12.94, 0, 8],
						"0.8333": [-10.46, 0, 8],
						"0.9167": [-8.52, 0, 8],
						"1.0": [-7.5, 0, 8]
					},
					"position": [0, 0, 0]
				},
				"DownBody": {
					"rotation": {
						"0.0": [0, 1, 0],
						"0.0833": [0, 1.92, 0.33],
						"0.125": [0, 2.25, 0.5],
						"0.1667": [0, 2.23, 0.62],
						"0.25": [0, 1.75, 0.75],
						"0.3333": [0, 1.16, 0.62],
						"0.375": [0, 0.75, 0.5],
						"0.4167": [0, 0.2, 0.35],
						"0.5": [0, -1, 0],
						"0.5833": [0, -1.98, -0.35],
						"0.625": [0, -2.25, -0.5],
						"0.6667": [0, -2.23, -0.62],
						"0.75": [0, -1.75, -0.75],
						"0.8333": [0, -1.16, -0.62],
						"0.875": [0, -0.75, -0.5],
						"0.9167": [0, -0.15, -0.35],
						"1.0": [0, 1, 0]
					}
				},
				"LeftLeg": {
					"rotation": {
						"0.0": [-30, -2, 0],
						"0.0833": [-28.65, -2.26, -0.45],
						"0.125": [-25.97, -2.36, -0.66],
						"0.1667": [-20.58, -2.4, -0.73],
						"0.25": [-5.97, -2.36, -0.87],
						"0.3333": [10.25, -2.1, -1.6],
						"0.375": [16.55, -1.96, -1.94],
						"0.4167": [20.33, -1.96, -2.25],
						"0.5": [21.55, -1.68, -2.41],
						"0.5833": [11.4, 0.38, -0.69],
						"0.625": [4.5, 1.21, 0.09],
						"0.6667": [-3.24, 1.36, 0.35],
						"0.75": [-17.99, 1, 0.35],
						"0.8333": [-21.82, 1.2, 0.36],
						"0.875": [-22.99, 0.98, 0.32],
						"0.9167": [-27.28, 0.09, 0.31],
						"1.0": [-30, -2, 0]
					},
					"position": {
						"0.0": [0, 0, 0],
						"0.0833": [0, 0, 0],
						"0.1667": [0, 0, 0],
						"0.25": [0, 0, 0],
						"0.3333": [0, 0, 0],
						"0.4167": [0, 0, 0],
						"0.5": [0, 0, 0],
						"0.5833": [0, 0, 0],
						"0.6667": [0, 0, 0],
						"0.75": [0, 0, 0],
						"0.8333": [0, 0, 0],
						"0.9167": [0, 0, 0],
						"1.0": [0, 0, 0]
					}
				},
				"LeftLowerLeg": {
					"rotation": {
						"0.0": [10, -0.19, -0.46],
						"0.0833": [17.57, -0.01, -0.17],
						"0.125": [20.5, 0.04, 0],
						"0.1667": [21.19, 0, 0.15],
						"0.25": [18, -0.17, 0.48],
						"0.3333": [5.05, -0.24, 0.92],
						"0.375": [0.51, -0.25, 1.03],
						"0.4167": [-0.12, -0.26, 0.99],
						"0.5": [8, -0.21, 0.64],
						"0.5833": [38.57, 0.12, -0.13],
						"0.625": [49.99, 0.24, -0.42],
						"0.6667": [51.25, 0.23, -0.47],
						"0.75": [40, 0.06, -0.34],
						"0.8333": [18.52, -0.12, -0.42],
						"0.875": [10, -0.19, -0.46],
						"0.9167": [7.78, -0.21, -0.47],
						"1.0": [10, -0.19, -0.46]
					},
					"position": {
						"0.0": [0, 0, 0],
						"0.0833": [0, 0, 0],
						"0.1667": [0, 0, 0],
						"0.25": [0, 0, 0],
						"0.3333": [0, 0, 0],
						"0.4167": [0, 0, 0],
						"0.5": [0, 0, 0],
						"0.5833": [0, 0, 0],
						"0.6667": [0, 0, 0],
						"0.75": [0, 0, 0],
						"0.8333": [0, 0, 0],
						"0.9167": [0, 0, 0],
						"1.0": [0, 0, 0]
					}
				},
				"LeftFoot": {
					"rotation": {
						"0.0": [-7.5, -0.25, -0.03],
						"0.0833": [2.94, -0.07, -0.03],
						"0.125": [5.5, 0.03, -0.01],
						"0.1667": [0.63, 0.1, 0.06],
						"0.25": [-12, 0.21, 0.15],
						"0.3333": [-0.48, 0.24, -0.14],
						"0.375": [5.49, 0.23, -0.34],
						"0.4167": [7, 0.23, -0.62],
						"0.5": [7.46, 0.2, -1.09],
						"0.5833": [16.45, 0.12, -0.76],
						"0.625": [17.49, 0.05, -0.53],
						"0.6667": [10.83, -0.05, -0.34],
						"0.75": [-7.5, -0.25, -0.03],
						"0.8333": [-9.35, -0.27, 0],
						"0.9167": [-8.43, -0.26, -0.01],
						"1.0": [-7.5, -0.25, -0.03]
					},
					"position": {
						"0.0": [0, 0, 0],
						"0.0833": [0, 0, 0],
						"0.1667": [0, 0, 0],
						"0.25": [0, 0, 0],
						"0.3333": [0, 0, 0],
						"0.4167": [0, 0, 0],
						"0.5": [0, 0, 0],
						"0.5833": [0, 0, 0],
						"0.6667": [0, 0, 0],
						"0.75": [0, 0, 0],
						"0.8333": [0, 0, 0],
						"0.9167": [0, 0, 0],
						"1.0": [0, 0, 0]
					}
				},
				"RightLeg": {
					"rotation": {
						"0.0": [21.55, 1.68, 2.41],
						"0.0833": [11.22, -0.37, 0.67],
						"0.125": [4.5, -1.21, -0.09],
						"0.1667": [-3.24, -1.36, -0.35],
						"0.25": [-17.99, -1, -0.35],
						"0.3333": [-21.82, -1.2, -0.36],
						"0.375": [-22.99, -0.98, -0.32],
						"0.4167": [-25.59, -0.11, -0.25],
						"0.5": [-30, 2, 0],
						"0.5833": [-28.91, 2.37, 0.46],
						"0.625": [-25.97, 2.36, 0.66],
						"0.6667": [-20.58, 2.4, 0.73],
						"0.75": [-5.97, 2.36, 0.87],
						"0.8333": [10.25, 2.1, 1.6],
						"0.875": [16.55, 1.96, 1.94],
						"0.9167": [19.7, 1.85, 2.16],
						"1.0": [21.55, 1.68, 2.41]
					},
					"position": {
						"0.0": [0, 0, 0],
						"0.0833": [0, 0, 0],
						"0.1667": [0, 0, 0],
						"0.25": [0, 0, 0],
						"0.3333": [0, 0, 0],
						"0.4167": [0, 0, 0],
						"0.5": [0, 0, 0],
						"0.5833": [0, 0, 0],
						"0.6667": [0, 0, 0],
						"0.75": [0, 0, 0],
						"0.8333": [0, 0, 0],
						"0.9167": [0, 0, 0],
						"1.0": [0, 0, 0]
					}
				},
				"RightLowerLeg": {
					"rotation": {
						"0.0": [3.01, -0.25, 0.95],
						"0.0833": [36.81, -0.26, 0.58],
						"0.125": [49.99, -0.24, 0.42],
						"0.1667": [51.62, -0.2, 0.35],
						"0.25": [40, -0.06, 0.34],
						"0.3333": [18.52, 0.12, 0.42],
						"0.375": [10, 0.19, 0.46],
						"0.4167": [7.39, 0.22, 0.49],
						"0.5": [10, 0.19, 0.46],
						"0.5833": [17.57, 0.01, 0.17],
						"0.625": [20.5, -0.04, 0],
						"0.6667": [21.19, 0, -0.15],
						"0.75": [18, 0.17, -0.48],
						"0.8333": [5.42, 0.27, -1.03],
						"0.875": [0.51, 0.25, -1.03],
						"0.9167": [-0.04, 0.11, -0.49],
						"1.0": [3.01, -0.25, 0.95]
					},
					"position": {
						"0.0": [0, 0, 0],
						"0.0833": [0, 0, 0],
						"0.1667": [0, 0, 0],
						"0.25": [0, 0, 0],
						"0.3333": [0, 0, 0],
						"0.4167": [0, 0, 0],
						"0.5": [0, 0, 0],
						"0.5833": [0, 0, 0],
						"0.6667": [0, 0, 0],
						"0.75": [0, 0, 0],
						"0.8333": [0, 0, 0],
						"0.9167": [0, 0, 0],
						"1.0": [0, 0, 0]
					}
				},
				"RightFoot": {
					"rotation": {
						"0.0": [7.46, -0.2, 1.09],
						"0.0833": [16.37, -0.12, 0.73],
						"0.125": [17.49, -0.05, 0.53],
						"0.1667": [10.83, 0.05, 0.34],
						"0.25": [-7.5, 0.25, 0.03],
						"0.3333": [-9.83, 0.28, 0],
						"0.4167": [-9.39, 0.28, 0.01],
						"0.5": [-7.5, 0.25, 0.03],
						"0.5833": [2.94, 0.07, 0.02],
						"0.625": [5.5, -0.03, 0.01],
						"0.6667": [0.63, -0.1, -0.06],
						"0.75": [-12, -0.21, -0.15],
						"0.8333": [-0.48, -0.24, 0.14],
						"0.875": [5.49, -0.23, 0.34],
						"0.9167": [7.37, -0.23, 0.6],
						"1.0": [7.46, -0.2, 1.09]
					},
					"position": {
						"0.0": [0, 0, 0],
						"0.0833": [0, 0, 0],
						"0.1667": [0, 0, 0],
						"0.25": [0, 0, 0],
						"0.3333": [0, 0, 0],
						"0.4167": [0, 0, 0],
						"0.5": [0, 0, 0],
						"0.5833": [0, 0, 0],
						"0.6667": [0, 0, 0],
						"0.75": [0, 0, 0],
						"0.8333": [0, 0, 0],
						"0.9167": [0, 0, 0],
						"1.0": [0, 0, 0]
					}
				}
			}
		},
		"jump": {
			"loop": true,
			"animation_length": 0.75,
			"bones": {
				"UpBody": {
					"rotation": [0, 0, 0]
				},
				"LeftArm": {
					"rotation": {
						"0.0": [-6.8, 3.16, -40.19],
						"0.0417": [-6.89, 3.15, -40.32],
						"0.0833": [-7.03, 3.12, -40.52],
						"0.125": [-7.2, 3.09, -40.76],
						"0.1667": [-7.36, 3.06, -41.01],
						"0.2083": [-7.5, 3.04, -41.22],
						"0.25": [-7.6, 3.02, -41.37],
						"0.2917": [-7.62, 3.01, -41.43],
						"0.3333": [-7.54, 3.02, -41.35],
						"0.375": [-7.36, 3.05, -41.15],
						"0.4167": [-7.12, 3.08, -40.89],
						"0.4583": [-6.88, 3.11, -40.6],
						"0.5": [-6.68, 3.14, -40.35],
						"0.5417": [-6.55, 3.16, -40.19],
						"0.5833": [-6.52, 3.17, -40.11],
						"0.625": [-6.57, 3.17, -40.1],
						"0.6667": [-6.66, 3.17, -40.13],
						"0.7083": [-6.75, 3.16, -40.17],
						"0.75": [-6.8, 3.16, -40.19]
					}
				},
				"LeftForeArm": {
					"rotation": {
						"0.0": [-35, 0, 0],
						"0.0417": [-35.04, 0, 0],
						"0.0833": [-35.1, 0, 0],
						"0.125": [-35.17, 0, 0],
						"0.1667": [-35.24, 0, 0],
						"0.2083": [-35.32, 0, 0],
						"0.25": [-35.39, 0, 0],
						"0.2917": [-35.45, 0, 0],
						"0.3333": [-35.49, 0, 0],
						"0.375": [-35.5, 0, 0],
						"0.4167": [-35.48, 0, 0],
						"0.4583": [-35.44, 0, 0],
						"0.5": [-35.38, 0, 0],
						"0.5417": [-35.3, 0, 0],
						"0.5833": [-35.22, 0, 0],
						"0.625": [-35.14, 0, 0],
						"0.6667": [-35.07, 0, 0],
						"0.7083": [-35.02, 0, 0],
						"0.75": [-35, 0, 0]
					}
				},
				"RightArm": {
					"rotation": {
						"0.0": [-6.8, -3.16, 40.19],
						"0.0417": [-6.87, -3.15, 40.29],
						"0.0833": [-6.96, -3.13, 40.43],
						"0.125": [-7.08, -3.11, 40.6],
						"0.1667": [-7.2, -3.09, 40.79],
						"0.2083": [-7.33, -3.07, 40.98],
						"0.25": [-7.44, -3.05, 41.15],
						"0.2917": [-7.53, -3.03, 41.3],
						"0.3333": [-7.6, -3.02, 41.4],
						"0.375": [-7.62, -3.01, 41.43],
						"0.4167": [-7.59, -3.02, 41.39],
						"0.4583": [-7.52, -3.03, 41.27],
						"0.5": [-7.41, -3.05, 41.11],
						"0.5417": [-7.28, -3.08, 40.91],
						"0.5833": [-7.15, -3.1, 40.71],
						"0.625": [-7.02, -3.12, 40.51],
						"0.6667": [-6.91, -3.14, 40.35],
						"0.7083": [-6.83, -3.16, 40.23],
						"0.75": [-6.8, -3.16, 40.19]
					}
				},
				"RightForeArm": {
					"rotation": {
						"0.0": [-35, 0, 0],
						"0.0417": [-35.04, 0, 0],
						"0.0833": [-35.1, 0, 0],
						"0.125": [-35.17, 0, 0],
						"0.1667": [-35.24, 0, 0],
						"0.2083": [-35.32, 0, 0],
						"0.25": [-35.39, 0, 0],
						"0.2917": [-35.45, 0, 0],
						"0.3333": [-35.49, 0, 0],
						"0.375": [-35.5, 0, 0],
						"0.4167": [-35.48, 0, 0],
						"0.4583": [-35.44, 0, 0],
						"0.5": [-35.38, 0, 0],
						"0.5417": [-35.3, 0, 0],
						"0.5833": [-35.22, 0, 0],
						"0.625": [-35.14, 0, 0],
						"0.6667": [-35.07, 0, 0],
						"0.7083": [-35.02, 0, 0],
						"0.75": [-35, 0, 0]
					}
				},
				"LeftLeg": {
					"rotation": {
						"0.0833": [-9, 0, 0],
						"0.125": [-8.98, -0.09, -0.01],
						"0.1667": [-8.95, -0.23, -0.02],
						"0.2083": [-8.91, -0.39, -0.04],
						"0.25": [-8.87, -0.56, -0.06],
						"0.2917": [-8.83, -0.73, -0.08],
						"0.3333": [-8.8, -0.87, -0.09],
						"0.375": [-8.78, -0.96, -0.1],
						"0.4167": [-8.77, -1, -0.11],
						"0.4583": [-8.78, -0.96, -0.1],
						"0.5": [-8.8, -0.87, -0.09],
						"0.5417": [-8.83, -0.73, -0.08],
						"0.5833": [-8.87, -0.56, -0.06],
						"0.625": [-8.91, -0.39, -0.04],
						"0.6667": [-8.95, -0.23, -0.02],
						"0.7083": [-8.98, -0.09, -0.01],
						"0.75": [-9, 0, 0]
					}
				},
				"LeftLowerLeg": {
					"rotation": {
						"0.125": [22.5, 0, 0],
						"0.1667": [22.73, 0, 0],
						"0.2083": [23.07, 0, 0],
						"0.25": [23.47, 0, 0],
						"0.2917": [23.91, 0, 0],
						"0.3333": [24.32, 0, 0],
						"0.375": [24.67, 0, 0],
						"0.4167": [24.91, 0, 0],
						"0.4583": [25, 0, 0],
						"0.5": [24.88, 0, 0],
						"0.5417": [24.58, 0, 0],
						"0.5833": [24.15, 0, 0],
						"0.625": [23.66, 0, 0],
						"0.6667": [23.18, 0, 0],
						"0.7083": [22.77, 0, 0],
						"0.75": [22.5, 0, 0]
					}
				},
				"LeftFoot": {
					"rotation": [43, 0, 0]
				},
				"RightLeg": {
					"rotation": {
						"0.0": [-66.5, 0, 0],
						"0.0417": [-66.34, 0, 0],
						"0.0833": [-66.11, 0, 0],
						"0.125": [-65.83, 0, 0],
						"0.1667": [-65.53, 0, 0],
						"0.2083": [-65.22, 0, 0],
						"0.25": [-64.94, 0, 0],
						"0.2917": [-64.71, 0, 0],
						"0.3333": [-64.56, 0, 0],
						"0.375": [-64.5, 0, 0],
						"0.4167": [-64.56, 0, 0],
						"0.4583": [-64.71, 0, 0],
						"0.5": [-64.94, 0, 0],
						"0.5417": [-65.22, 0, 0],
						"0.5833": [-65.53, 0, 0],
						"0.625": [-65.83, 0, 0],
						"0.6667": [-66.11, 0, 0],
						"0.7083": [-66.34, 0, 0],
						"0.75": [-66.5, 0, 0]
					}
				},
				"RightLowerLeg": {
					"rotation": {
						"0.0833": [120, 0, 0],
						"0.125": [119.61, 0, 0],
						"0.1667": [119.03, 0, 0],
						"0.2083": [118.33, 0, 0],
						"0.25": [117.57, 0, 0],
						"0.2917": [116.81, 0, 0],
						"0.3333": [116.11, 0, 0],
						"0.375": [115.53, 0, 0],
						"0.4167": [115.14, 0, 0],
						"0.4583": [115, 0, 0],
						"0.5": [115.23, 0, 0],
						"0.5417": [115.85, 0, 0],
						"0.5833": [116.71, 0, 0],
						"0.625": [117.68, 0, 0],
						"0.6667": [118.64, 0, 0],
						"0.7083": [119.46, 0, 0],
						"0.75": [120, 0, 0]
					}
				},
				"RightFoot": {
					"rotation": {
						"0.0": [-2, 0, 0],
						"0.0417": [-1.8, 0, 0],
						"0.0833": [-1.52, 0, 0],
						"0.125": [-1.17, 0, 0],
						"0.1667": [-0.79, 0, 0],
						"0.2083": [-0.41, 0, 0],
						"0.25": [-0.06, 0, 0],
						"0.2917": [0.23, 0, 0],
						"0.3333": [0.43, 0, 0],
						"0.375": [0.5, 0, 0],
						"0.4167": [0.43, 0, 0],
						"0.4583": [0.23, 0, 0],
						"0.5": [-0.06, 0, 0],
						"0.5417": [-0.41, 0, 0],
						"0.5833": [-0.79, 0, 0],
						"0.625": [-1.17, 0, 0],
						"0.6667": [-1.52, 0, 0],
						"0.7083": [-1.8, 0, 0],
						"0.75": [-2, 0, 0]
					}
				},
				"Head": {
					"rotation": {
						"0.0": [0, 0, 0],
						"0.0417": [-0.08, 0, 0],
						"0.0833": [-0.19, 0, 0],
						"0.125": [-0.33, 0, 0],
						"0.1667": [-0.49, 0, 0],
						"0.2083": [-0.64, 0, 0],
						"0.25": [-0.78, 0, 0],
						"0.2917": [-0.89, 0, 0],
						"0.3333": [-0.97, 0, 0],
						"0.375": [-1, 0, 0],
						"0.4167": [-0.97, 0, 0],
						"0.4583": [-0.89, 0, 0],
						"0.5": [-0.78, 0, 0],
						"0.5417": [-0.64, 0, 0],
						"0.5833": [-0.49, 0, 0],
						"0.625": [-0.33, 0, 0],
						"0.6667": [-0.19, 0, 0],
						"0.7083": [-0.08, 0, 0],
						"0.75": [0, 0, 0]
					}
				},
				"DownBody": {
					"rotation": [0, 0, 0]
				},
				"UpperBody_yifu_1ZSCA": {
					"rotation": {
						"0.0": {
							"post": [22.5, 0, 0],
							"lerp_mode": "catmullrom"
						},
						"0.375": {
							"post": [20, 0, 0],
							"lerp_mode": "catmullrom"
						},
						"0.75": {
							"post": [22.5, 0, 0],
							"lerp_mode": "catmullrom"
						}
					}
				},
				"UpperBody_yifu_1ZSCA1": {
					"rotation": {
						"0.0": {
							"post": [17.5, 0, 0],
							"lerp_mode": "catmullrom"
						},
						"0.375": {
							"post": [10, 0, 0],
							"lerp_mode": "catmullrom"
						},
						"0.75": {
							"post": [17.5, 0, 0],
							"lerp_mode": "catmullrom"
						}
					}
				},
				"UpperBody_yifu_1ZSDC2": {
					"rotation": {
						"0.0": {
							"post": [7.5, 0, 0],
							"lerp_mode": "catmullrom"
						},
						"0.375": {
							"post": [5, 0, 0],
							"lerp_mode": "catmullrom"
						},
						"0.75": {
							"post": [7.5, 0, 0],
							"lerp_mode": "catmullrom"
						}
					}
				},
				"UppweBody_yifu_1ZSC3": {
					"rotation": {
						"0.0": {
							"post": [17.5, 0, 0],
							"lerp_mode": "catmullrom"
						},
						"0.375": {
							"post": [15, 0, 0],
							"lerp_mode": "catmullrom"
						},
						"0.75": {
							"post": [17.5, 0, 0],
							"lerp_mode": "catmullrom"
						}
					}
				},
				"UpperBody_yifu_1ZSB1": {
					"rotation": {
						"0.0": {
							"post": [-22.5, 0, 0],
							"lerp_mode": "catmullrom"
						},
						"0.375": {
							"post": [-20, 0, 0],
							"lerp_mode": "catmullrom"
						},
						"0.75": {
							"post": [-22.5, 0, 0],
							"lerp_mode": "catmullrom"
						}
					}
				},
				"UpperBody_yifu_1ZSa2": {
					"rotation": {
						"0.0": {
							"post": [-42.5, 0, 0],
							"lerp_mode": "catmullrom"
						},
						"0.375": {
							"post": [-45, 0, 0],
							"lerp_mode": "catmullrom"
						},
						"0.75": {
							"post": [-42.5, 0, 0],
							"lerp_mode": "catmullrom"
						}
					}
				},
				"UpperBody_yifu_1ZsB2": {
					"rotation": {
						"0.0": {
							"post": [-42.5, 0, 0],
							"lerp_mode": "catmullrom"
						},
						"0.375": {
							"post": [-42.5, 0, 0],
							"lerp_mode": "catmullrom"
						}
					}
				}
			}
		},
		"swim_stand": {
			"loop": true,
			"animation_length": 1,
			"bones": {
				"Root": {
					"rotation": [0, 0, 0],
					"scale": 1
				},
				"UpBody": {
					"rotation": [0, 0, 0],
					"position": [0, 0, 0]
				},
				"LeftArm": {
					"rotation": {
						"0.0": [-10, 0, -45],
						"0.0417": [-8.09, 0, -45],
						"0.0833": [-5.38, 0, -45],
						"0.125": [-2.07, 0, -45],
						"0.1667": [1.67, 0, -45],
						"0.2083": [5.65, 0, -45],
						"0.25": [9.69, 0, -45],
						"0.2917": [13.61, 0, -45],
						"0.3333": [17.22, 0, -45],
						"0.375": [20.35, 0, -45],
						"0.4167": [22.81, 0, -45],
						"0.4583": [24.42, 0, -45],
						"0.5": [25, 0, -45],
						"0.5417": [24.25, 0, -45],
						"0.5833": [22.17, 0, -45],
						"0.625": [19.04, 0, -45],
						"0.6667": [15.16, 0, -45],
						"0.7083": [10.78, 0, -45],
						"0.75": [6.2, 0, -45],
						"0.7917": [1.69, 0, -45],
						"0.8333": [-2.47, 0, -45],
						"0.875": [-5.99, 0, -45],
						"0.9167": [-8.61, 0, -45],
						"0.9583": [-10.04, 0, -45],
						"1.0": [-10, 0, -45]
					},
					"position": [0, 0, 0]
				},
				"LeftForeArm": {
					"rotation": {
						"0.0": [-52.5, 0, 0],
						"0.0417": [-52.67, 0, 0],
						"0.0833": [-53.28, 0, 0],
						"0.125": [-53.46, 0, 0],
						"0.1667": [-52.32, 0, 0],
						"0.2083": [-48.97, 0, 0],
						"0.25": [-44.34, 0, 0],
						"0.2917": [-37.79, 0, 0],
						"0.3333": [-30.15, 0, 0],
						"0.375": [-22.23, 0, 0],
						"0.4167": [-14.85, 0, 0],
						"0.4583": [-8.83, 0, 0],
						"0.5": [-5, 0, 0],
						"0.5417": [-3.15, 0, 0],
						"0.5833": [-3.13, 0, 0],
						"0.625": [-4.6, 0, 0],
						"0.6667": [-7.2, 0, 0],
						"0.7083": [-10.6, 0, 0],
						"0.75": [-14.45, 0, 0],
						"0.7917": [-19.79, 0, 0],
						"0.8333": [-27.12, 0, 0],
						"0.875": [-35.24, 0, 0],
						"0.9167": [-42.97, 0, 0],
						"0.9583": [-49.12, 0, 0],
						"1.0": [-52.5, 0, 0]
					},
					"position": [0, 0, 0]
				},
				"RightArm": {
					"rotation": {
						"0.0": [-10, 0, 45],
						"0.0417": [-8.09, 0, 45],
						"0.0833": [-5.38, 0, 45],
						"0.125": [-2.07, 0, 45],
						"0.1667": [1.67, 0, 45],
						"0.2083": [5.65, 0, 45],
						"0.25": [9.69, 0, 45],
						"0.2917": [13.61, 0, 45],
						"0.3333": [17.22, 0, 45],
						"0.375": [20.35, 0, 45],
						"0.4167": [22.81, 0, 45],
						"0.4583": [24.42, 0, 45],
						"0.5": [25, 0, 45],
						"0.5417": [24.24, 0, 45],
						"0.5833": [22.15, 0, 45],
						"0.625": [19.01, 0, 45],
						"0.6667": [15.1, 0, 45],
						"0.7083": [10.7, 0, 45],
						"0.75": [6.1, 0, 45],
						"0.7917": [1.58, 0, 45],
						"0.8333": [-2.59, 0, 45],
						"0.875": [-6.11, 0, 45],
						"0.9167": [-8.7, 0, 45],
						"0.9583": [-10.1, 0, 45],
						"1.0": [-10, 0, 45]
					},
					"position": [0, 0, 0]
				},
				"RightForeArm": {
					"rotation": {
						"0.0": [-52.5, 0, 0],
						"0.0417": [-52.67, 0, 0],
						"0.0833": [-53.28, 0, 0],
						"0.125": [-53.46, 0, 0],
						"0.1667": [-52.32, 0, 0],
						"0.2083": [-48.97, 0, 0],
						"0.25": [-44.34, 0, 0],
						"0.2917": [-37.79, 0, 0],
						"0.3333": [-30.15, 0, 0],
						"0.375": [-22.23, 0, 0],
						"0.4167": [-14.85, 0, 0],
						"0.4583": [-8.83, 0, 0],
						"0.5": [-5, 0, 0],
						"0.5417": [-3.15, 0, 0],
						"0.5833": [-3.13, 0, 0],
						"0.625": [-4.6, 0, 0],
						"0.6667": [-7.2, 0, 0],
						"0.7083": [-10.6, 0, 0],
						"0.75": [-14.45, 0, 0],
						"0.7917": [-19.79, 0, 0],
						"0.8333": [-27.12, 0, 0],
						"0.875": [-35.24, 0, 0],
						"0.9167": [-42.97, 0, 0],
						"0.9583": [-49.12, 0, 0],
						"1.0": [-52.5, 0, 0]
					},
					"position": [0, 0, 0]
				},
				"LeftLeg": {
					"rotation": {
						"0.0": [-10, 0, 0],
						"0.0417": [-8.69, 0, 0],
						"0.0833": [-6.81, 0, 0],
						"0.125": [-4.67, 0, 0],
						"0.1667": [-2.56, 0, 0],
						"0.2083": [-0.79, 0, 0],
						"0.25": [0.33, 0, 0],
						"0.2917": [1.49, 0, 0],
						"0.3333": [2.61, 0, 0],
						"0.375": [3.6, 0, 0],
						"0.4167": [4.39, 0, 0],
						"0.4583": [4.88, 0, 0],
						"0.5": [5, 0, 0],
						"0.5417": [4.57, 0, 0],
						"0.5833": [3.6, 0, 0],
						"0.625": [2.28, 0, 0],
						"0.6667": [0.77, 0, 0],
						"0.7083": [-0.76, 0, 0],
						"0.75": [-2.14, 0, 0],
						"0.7917": [-3.71, 0, 0],
						"0.8333": [-5.66, 0, 0],
						"0.875": [-7.63, 0, 0],
						"0.9167": [-9.26, 0, 0],
						"0.9583": [-10.17, 0, 0],
						"1.0": [-10, 0, 0]
					},
					"position": {
						"0.0": [0, 0, 0],
						"0.0417": [0, 0, 0],
						"0.0833": [0, 0, 0],
						"0.125": [0, 0, 0],
						"0.1667": [0, 0, 0],
						"0.2083": [0, 0, 0],
						"0.25": [0, 0, 0],
						"0.2917": [0, 0, 0],
						"0.3333": [0, 0, 0],
						"0.375": [0, 0, 0],
						"0.4167": [0, 0, 0],
						"0.4583": [0, 0, 0],
						"0.5": [0, 0, 0],
						"0.5417": [0, 0, 0],
						"0.5833": [0, 0, 0],
						"0.625": [0, 0, 0],
						"0.6667": [0, 0, 0],
						"0.7083": [0, 0, 0],
						"0.75": [0, 0, 0],
						"0.7917": [0, 0, 0],
						"0.8333": [0, 0, 0],
						"0.875": [0, 0, 0],
						"0.9167": [0, 0, 0],
						"0.9583": [0, 0, 0],
						"1.0": [0, 0, 0]
					}
				},
				"LeftLowerLeg": {
					"rotation": {
						"0.0": [10, 0, 0],
						"0.0417": [8.17, 0, 0],
						"0.0833": [5.4, 0, 0],
						"0.125": [2.44, 0, 0],
						"0.1667": [0.02, 0, 0],
						"0.2083": [-1.12, 0, 0],
						"0.25": [-0.91, 0, 0],
						"0.2917": [-0.04, 0, 0],
						"0.3333": [1.29, 0, 0],
						"0.375": [2.9, 0, 0],
						"0.4167": [4.6, 0, 0],
						"0.4583": [6.19, 0, 0],
						"0.5": [7.5, 0, 0],
						"0.5417": [8.87, 0, 0],
						"0.5833": [10.31, 0, 0],
						"0.625": [11.7, 0, 0],
						"0.6667": [12.92, 0, 0],
						"0.7083": [13.82, 0, 0],
						"0.75": [14.29, 0, 0],
						"0.7917": [14.17, 0, 0],
						"0.8333": [13.52, 0, 0],
						"0.875": [12.57, 0, 0],
						"0.9167": [11.52, 0, 0],
						"0.9583": [10.59, 0, 0],
						"1.0": [10, 0, 0]
					},
					"position": {
						"0.0": [0, 0, 0],
						"0.0417": [0, 0, 0],
						"0.0833": [0, 0, 0],
						"0.125": [0, 0, 0],
						"0.1667": [0, 0, 0],
						"0.2083": [0, 0, 0],
						"0.25": [0, 0, 0],
						"0.2917": [0, 0, 0],
						"0.3333": [0, 0, 0],
						"0.375": [0, 0, 0],
						"0.4167": [0, 0, 0],
						"0.4583": [0, 0, 0],
						"0.5": [0, 0, 0],
						"0.5417": [0, 0, 0],
						"0.5833": [0, 0, 0],
						"0.625": [0, 0, 0],
						"0.6667": [0, 0, 0],
						"0.7083": [0, 0, 0],
						"0.75": [0, 0, 0],
						"0.7917": [0, 0, 0],
						"0.8333": [0, 0, 0],
						"0.875": [0, 0, 0],
						"0.9167": [0, 0, 0],
						"0.9583": [0, 0, 0],
						"1.0": [0, 0, 0]
					}
				},
				"LeftFoot": {
					"rotation": {
						"0.0": [30, 0, 0],
						"0.0417": [29.31, 0, 0],
						"0.0833": [28.34, 0, 0],
						"0.125": [27.14, 0, 0],
						"0.1667": [25.79, 0, 0],
						"0.2083": [24.35, 0, 0],
						"0.25": [22.89, 0, 0],
						"0.2917": [21.48, 0, 0],
						"0.3333": [20.18, 0, 0],
						"0.375": [19.07, 0, 0],
						"0.4167": [18.21, 0, 0],
						"0.4583": [17.66, 0, 0],
						"0.5": [17.5, 0, 0],
						"0.5417": [18.22, 0, 0],
						"0.5833": [19.97, 0, 0],
						"0.625": [22.37, 0, 0],
						"0.6667": [25.06, 0, 0],
						"0.7083": [27.69, 0, 0],
						"0.75": [29.89, 0, 0],
						"0.7917": [31.3, 0, 0],
						"0.8333": [31.99, 0, 0],
						"0.875": [31.81, 0, 0],
						"0.9167": [31.15, 0, 0],
						"0.9583": [30.42, 0, 0],
						"1.0": [30, 0, 0]
					},
					"position": {
						"0.0": [0, 0, 0],
						"0.0417": [0, 0, 0],
						"0.0833": [0, 0, 0],
						"0.125": [0, 0, 0],
						"0.1667": [0, 0, 0],
						"0.2083": [0, 0, 0],
						"0.25": [0, 0, 0],
						"0.2917": [0, 0, 0],
						"0.3333": [0, 0, 0],
						"0.375": [0, 0, 0],
						"0.4167": [0, 0, 0],
						"0.4583": [0, 0, 0],
						"0.5": [0, 0, 0],
						"0.5417": [0, 0, 0],
						"0.5833": [0, 0, 0],
						"0.625": [0, 0, 0],
						"0.6667": [0, 0, 0],
						"0.7083": [0, 0, 0],
						"0.75": [0, 0, 0],
						"0.7917": [0, 0, 0],
						"0.8333": [0, 0, 0],
						"0.875": [0, 0, 0],
						"0.9167": [0, 0, 0],
						"0.9583": [0, 0, 0],
						"1.0": [0, 0, 0]
					}
				},
				"RightLeg": {
					"rotation": {
						"0.0": [5, 0, 0],
						"0.0417": [4.23, 0, 0],
						"0.0833": [3.18, 0, 0],
						"0.125": [1.92, 0, 0],
						"0.1667": [0.56, 0, 0],
						"0.2083": [-0.83, 0, 0],
						"0.25": [-2.14, 0, 0],
						"0.2917": [-3.61, 0, 0],
						"0.3333": [-5.34, 0, 0],
						"0.375": [-7.09, 0, 0],
						"0.4167": [-8.62, 0, 0],
						"0.4583": [-9.67, 0, 0],
						"0.5": [-10, 0, 0],
						"0.5417": [-9.2, 0, 0],
						"0.5833": [-7.38, 0, 0],
						"0.625": [-5.05, 0, 0],
						"0.6667": [-2.68, 0, 0],
						"0.7083": [-0.79, 0, 0],
						"0.75": [0.4, 0, 0],
						"0.7917": [1.72, 0, 0],
						"0.8333": [3.02, 0, 0],
						"0.875": [4.16, 0, 0],
						"0.9167": [4.96, 0, 0],
						"0.9583": [5.3, 0, 0],
						"1.0": [5, 0, 0]
					},
					"position": {
						"0.0": [0, 0, 0],
						"0.0417": [0, 0, 0],
						"0.0833": [0, 0, 0],
						"0.125": [0, 0, 0],
						"0.1667": [0, 0, 0],
						"0.2083": [0, 0, 0],
						"0.25": [0, 0, 0],
						"0.2917": [0, 0, 0],
						"0.3333": [0, 0, 0],
						"0.375": [0, 0, 0],
						"0.4167": [0, 0, 0],
						"0.4583": [0, 0, 0],
						"0.5": [0, 0, 0],
						"0.5417": [0, 0, 0],
						"0.5833": [0, 0, 0],
						"0.625": [0, 0, 0],
						"0.6667": [0, 0, 0],
						"0.7083": [0, 0, 0],
						"0.75": [0, 0, 0],
						"0.7917": [0, 0, 0],
						"0.8333": [0, 0, 0],
						"0.875": [0, 0, 0],
						"0.9167": [0, 0, 0],
						"0.9583": [0, 0, 0],
						"1.0": [0, 0, 0]
					}
				},
				"RightLowerLeg": {
					"rotation": {
						"0.0": [7.5, 0, 0],
						"0.0417": [8.37, 0, 0],
						"0.0833": [9.67, 0, 0],
						"0.125": [11.16, 0, 0],
						"0.1667": [12.6, 0, 0],
						"0.2083": [13.72, 0, 0],
						"0.25": [14.29, 0, 0],
						"0.2917": [14.3, 0, 0],
						"0.3333": [13.93, 0, 0],
						"0.375": [13.26, 0, 0],
						"0.4167": [12.35, 0, 0],
						"0.4583": [11.24, 0, 0],
						"0.5": [10, 0, 0],
						"0.5417": [7.9, 0, 0],
						"0.5833": [5.1, 0, 0],
						"0.625": [2.23, 0, 0],
						"0.6667": [-0.05, 0, 0],
						"0.7083": [-1.12, 0, 0],
						"0.75": [-0.85, 0, 0],
						"0.7917": [0.16, 0, 0],
						"0.8333": [1.65, 0, 0],
						"0.875": [3.37, 0, 0],
						"0.9167": [5.09, 0, 0],
						"0.9583": [6.55, 0, 0],
						"1.0": [7.5, 0, 0]
					},
					"position": {
						"0.0": [0, 0, 0],
						"0.0417": [0, 0, 0],
						"0.0833": [0, 0, 0],
						"0.125": [0, 0, 0],
						"0.1667": [0, 0, 0],
						"0.2083": [0, 0, 0],
						"0.25": [0, 0, 0],
						"0.2917": [0, 0, 0],
						"0.3333": [0, 0, 0],
						"0.375": [0, 0, 0],
						"0.4167": [0, 0, 0],
						"0.4583": [0, 0, 0],
						"0.5": [0, 0, 0],
						"0.5417": [0, 0, 0],
						"0.5833": [0, 0, 0],
						"0.625": [0, 0, 0],
						"0.6667": [0, 0, 0],
						"0.7083": [0, 0, 0],
						"0.75": [0, 0, 0],
						"0.7917": [0, 0, 0],
						"0.8333": [0, 0, 0],
						"0.875": [0, 0, 0],
						"0.9167": [0, 0, 0],
						"0.9583": [0, 0, 0],
						"1.0": [0, 0, 0]
					}
				},
				"RightFoot": {
					"rotation": {
						"0.0": [17.5, 0, 0],
						"0.0417": [18.88, 0, 0],
						"0.0833": [20.88, 0, 0],
						"0.125": [23.24, 0, 0],
						"0.1667": [25.72, 0, 0],
						"0.2083": [28.05, 0, 0],
						"0.25": [30, 0, 0],
						"0.2917": [31.3, 0, 0],
						"0.3333": [32.19, 0, 0],
						"0.375": [32.4, 0, 0],
						"0.4167": [32.05, 0, 0],
						"0.4583": [31.22, 0, 0],
						"0.5": [30, 0, 0],
						"0.5417": [29.31, 0, 0],
						"0.5833": [28.42, 0, 0],
						"0.625": [27.37, 0, 0],
						"0.6667": [26.2, 0, 0],
						"0.7083": [24.95, 0, 0],
						"0.75": [23.67, 0, 0],
						"0.7917": [22.39, 0, 0],
						"0.8333": [21.16, 0, 0],
						"0.875": [20.01, 0, 0],
						"0.9167": [18.99, 0, 0],
						"0.9583": [18.14, 0, 0],
						"1.0": [17.5, 0, 0]
					},
					"position": {
						"0.0": [0, 0, 0],
						"0.0417": [0, 0, 0],
						"0.0833": [0, 0, 0],
						"0.125": [0, 0, 0],
						"0.1667": [0, 0, 0],
						"0.2083": [0, 0, 0],
						"0.25": [0, 0, 0],
						"0.2917": [0, 0, 0],
						"0.3333": [0, 0, 0],
						"0.375": [0, 0, 0],
						"0.4167": [0, 0, 0],
						"0.4583": [0, 0, 0],
						"0.5": [0, 0, 0],
						"0.5417": [0, 0, 0],
						"0.5833": [0, 0, 0],
						"0.625": [0, 0, 0],
						"0.6667": [0, 0, 0],
						"0.7083": [0, 0, 0],
						"0.75": [0, 0, 0],
						"0.7917": [0, 0, 0],
						"0.8333": [0, 0, 0],
						"0.875": [0, 0, 0],
						"0.9167": [0, 0, 0],
						"0.9583": [0, 0, 0],
						"1.0": [0, 0, 0]
					}
				},
				"AllBody": {
					"rotation": [0, 0, 0],
					"position": [0, 0, 0],
					"scale": 1
				},
				"AllHead": {
					"rotation": [0, 0, 0],
					"position": [0, 0, 0]
				},
				"Head": {
					"rotation": {
						"0.0": [0, 0, 0],
						"0.0417": [0.14, 0, 0],
						"0.0833": [0.33, 0, 0],
						"0.125": [0.57, 0, 0],
						"0.1667": [0.83, 0, 0],
						"0.2083": [1.12, 0, 0],
						"0.25": [1.41, 0, 0],
						"0.2917": [1.69, 0, 0],
						"0.3333": [1.94, 0, 0],
						"0.375": [2.17, 0, 0],
						"0.4167": [2.34, 0, 0],
						"0.4583": [2.46, 0, 0],
						"0.5": [2.5, 0, 0],
						"0.5417": [2.46, 0, 0],
						"0.5833": [2.34, 0, 0],
						"0.625": [2.17, 0, 0],
						"0.6667": [1.94, 0, 0],
						"0.7083": [1.69, 0, 0],
						"0.75": [1.41, 0, 0],
						"0.7917": [1.12, 0, 0],
						"0.8333": [0.83, 0, 0],
						"0.875": [0.57, 0, 0],
						"0.9167": [0.33, 0, 0],
						"0.9583": [0.14, 0, 0],
						"1.0": [0, 0, 0]
					},
					"position": [0, 0, 0]
				},
				"UpperBody_yifu_1ZSCA": {
					"rotation": {
						"0.0": {
							"post": [20, 0, 0],
							"lerp_mode": "catmullrom"
						},
						"0.5": {
							"post": [22.5, 0, 0],
							"lerp_mode": "catmullrom"
						},
						"1.0": {
							"post": [20, 0, 0],
							"lerp_mode": "catmullrom"
						}
					}
				},
				"UpperBody_yifu_1ZSCA1": {
					"rotation": {
						"0.0": {
							"post": [20, 0, 0],
							"lerp_mode": "catmullrom"
						},
						"0.5": {
							"post": [22.5, 0, 0],
							"lerp_mode": "catmullrom"
						},
						"1.0": {
							"post": [20, 0, 0],
							"lerp_mode": "catmullrom"
						}
					}
				},
				"UppweBody_yifu_1ZSC3": {
					"rotation": {
						"0.0": {
							"post": [27.5, 0, 0],
							"lerp_mode": "catmullrom"
						},
						"0.5": {
							"post": [32.5, 0, 0],
							"lerp_mode": "catmullrom"
						},
						"1.0": {
							"post": [27.5, 0, 0],
							"lerp_mode": "catmullrom"
						}
					}
				},
				"UpperBody_yifu_1ZSB1": {
					"rotation": {
						"0.0": {
							"post": [-15, 0, 0],
							"lerp_mode": "catmullrom"
						},
						"0.5": {
							"post": [-25, 0, 0],
							"lerp_mode": "catmullrom"
						},
						"1.0": {
							"post": [-15, 0, 0],
							"lerp_mode": "catmullrom"
						}
					}
				},
				"UpperBody_yifu_1ZSa2": {
					"rotation": {
						"0.0": {
							"post": [-17.5, 0, 0],
							"lerp_mode": "catmullrom"
						},
						"0.5": {
							"post": [-25, 0, 0],
							"lerp_mode": "catmullrom"
						},
						"1.0": {
							"post": [-17.5, 0, 0],
							"lerp_mode": "catmullrom"
						}
					}
				},
				"UpperBody_yifu_1ZsB2": {
					"rotation": {
						"0.0": {
							"post": [-17.5, 0, 0],
							"lerp_mode": "catmullrom"
						},
						"0.5": {
							"post": [-25, 0, 0],
							"lerp_mode": "catmullrom"
						},
						"1.0": {
							"post": [-17.5, 0, 0],
							"lerp_mode": "catmullrom"
						}
					}
				}
			}
		},
		"sit": {
			"animation_length": 0.375,
			"bones": {
				"Root": {
					"rotation": [0, 0, 0],
					"position": [0, -20, 0],
					"scale": 1
				},
				"UpBody": {
					"rotation": [15, 0, 0],
					"position": [0, 0, 0]
				},
				"LeftArm": {
					"rotation": [-68.659, 23.92746, -39.32269],
					"position": [0, 0, 0]
				},
				"LeftForeArm": {
					"rotation": [-60.94031, 19.61291, -8.71337],
					"position": [0, 0, 0]
				},
				"RightArm": {
					"rotation": [-87.59409, -11.75726, 65.47122],
					"position": [0, 0, 0]
				},
				"RightForeArm": {
					"rotation": [-47.5, 0, 0],
					"position": [0, 0, 0]
				},
				"LeftLeg": {
					"rotation": [-142.5, 0, 0],
					"position": [0, 0, 0]
				},
				"LeftLowerLeg": {
					"rotation": [105, 0, 0],
					"position": [0, 0, 0]
				},
				"LeftFoot": {
					"rotation": [37.5, 0, 0],
					"position": [0, 0, 0]
				},
				"RightLeg": {
					"rotation": [-127.5, 0, 0],
					"position": [0, 0, 0]
				},
				"RightLowerLeg": {
					"rotation": [75, 0, 0],
					"position": [0, 0, 0]
				},
				"RightFoot": {
					"rotation": [55, 0, 0],
					"position": [0, 0, 0]
				},
				"AllBody": {
					"rotation": [0, 0, 0],
					"position": [0, 0, 0],
					"scale": 1
				},
				"AllHead": {
					"rotation": [0, 0, 0],
					"position": [0, 0, 0]
				},
				"Head": {
					"rotation": [-15, 0, 0],
					"position": [0, 0, 0]
				},
				"LongHair": {
					"rotation": [15, 0, 0]
				},
				"Skirt": {
					"rotation": [-123.71393, -4.07256, -8.03263],
					"position": [0.3, -3.45, 1.8]
				},
				"UpperBody_yifu_1ZSCA": {
					"rotation": [20, 0, 0]
				},
				"UpperBody_yifu_1ZSCA1": {
					"rotation": [10, 0, 0]
				},
				"UpperBody_yifu_1ZSDC2": {
					"rotation": [0, 0, 0]
				},
				"UppweBody_yifu_1ZSC3": {
					"rotation": [12.5, 0, 0]
				},
				"UpperBody_yifu_1ZSB1": {
					"rotation": [-82.5, 0, 0]
				}
			}
		},
		"boat": {
			"animation_length": 0.375,
			"bones": {
				"Root": {
					"rotation": [0, 0, 0],
					"position": [0, 0, 0],
					"scale": 1
				},
				"UpBody": {
					"rotation": [30, 0, 0],
					"position": [0, 0, 0]
				},
				"LeftArm": {
					"rotation": [-73.10435, 21.54147, 7.02985],
					"position": [0, 0, 0]
				},
				"LeftForeArm": {
					"rotation": [-15, 0, 0],
					"position": [0, 0, 0]
				},
				"RightArm": {
					"rotation": [-67.86613, -13.40905, -8.34062],
					"position": [0, 0, 0]
				},
				"RightForeArm": {
					"rotation": [-17.5, 0, 0],
					"position": [0, 0, 0]
				},
				"LeftLeg": {
					"rotation": [-116.94935, -9.53966, 79.25409],
					"position": [0, 0, 0]
				},
				"LeftLowerLeg": {
					"rotation": [134.04816, -1.3847, 6.57942],
					"position": [0, 0, 0]
				},
				"LeftFoot": {
					"rotation": [35, 0, 0],
					"position": [0, 0, 0]
				},
				"RightLeg": {
					"rotation": [-126.38356, 19.6835, -79.37242],
					"position": [0, 0, 0]
				},
				"RightLowerLeg": {
					"rotation": [125.02687, -1.91486, -1.60757],
					"position": [0, 0, 0]
				},
				"RightFoot": {
					"rotation": [40, 0, 0],
					"position": [0, 0, 0]
				},
				"AllBody": {
					"rotation": [0, 0, 0],
					"position": [0, -3, 5],
					"scale": 1
				},
				"AllHead": {
					"rotation": [0, 0, 0],
					"position": [0, 0, 0]
				},
				"Head": {
					"rotation": [-27.5, 0, 0],
					"position": [0, 0, 0]
				},
				"DownBody": {
					"rotation": [-20, 0, 0]
				},
				"Skirt": {
					"position": [0, 0.9, -2.1]
				},
				"LongHair": {
					"rotation": [12.5, 0, 0]
				}
			}
		},
		"attacked": {
			"animation_length": 0.45833,
			"bones": {
				"Root": {
					"rotation": {
						"0.0": [0, 0, 0],
						"0.0417": [0, 2.96, 0],
						"0.0833": [0, 7.04, 0],
						"0.125": [0, 10, 0],
						"0.1667": [0, 11.25, 0],
						"0.2083": [0, 10, 0],
						"0.25": [0, 8.48, 0],
						"0.2917": [0, 6.24, 0],
						"0.3333": [0, 3.76, 0],
						"0.375": [0, 1.52, 0],
						"0.4167": [0, 0, 0],
						"0.4583": [0, 0, 0]
					},
					"position": {
						"0.0": [0, 0, 0],
						"0.0417": [0, -0.94, 2.17],
						"0.0833": [0, -2.71, 4.63],
						"0.125": [0, -4.8, 7],
						"0.1667": [0, -4.98, 7.27],
						"0.2083": [0, -4.8, 7],
						"0.25": [0, -4.43, 6.31],
						"0.2917": [0, -3.8, 5],
						"0.3333": [0, -3.13, 3.37],
						"0.375": [0, -0.56, 1.41],
						"0.4167": [0, 0, 0],
						"0.4583": [0, 0, 0]
					}
				},
				"UpBody": {
					"rotation": {
						"0.0": [0, 0, 0],
						"0.0417": [22.52, 2.31, 0.96],
						"0.0833": [20.37, 4.23, 1.12],
						"0.125": [14.05, 6.46, 1.18],
						"0.1667": [7.56, 7.44, 0.98],
						"0.2083": [-2.13, 4.74, -0.23],
						"0.25": [-8.85, 1.24, -1.28],
						"0.2917": [-8.21, 0.55, -1.18],
						"0.3333": [-5.45, 0.23, -0.78],
						"0.375": [-2.18, 0.11, -0.31],
						"0.4167": [0, 0, 0],
						"0.4583": [0, 0, 0]
					},
					"position": [0, 0, 0]
				},
				"LeftArm": {
					"rotation": {
						"0.0": [0, 0, 0],
						"0.0417": [-24.89, -3.96, -3.05],
						"0.0833": [-67.5, 0, 0],
						"0.125": [-40.78, -1.78, -11.04],
						"0.1667": [-4.42, -3.41, -22.14],
						"0.2083": [10.29, -2.17, -23.44],
						"0.25": [21.86, 0.02, -21.99],
						"0.2917": [30.14, 1.69, -19.52],
						"0.3333": [37.01, 2.36, -13.95],
						"0.375": [35.16, 2.13, -7.73],
						"0.4167": [17.89, 1.09, -3.13],
						"0.4583": [0, 0, 0]
					},
					"position": [0, 0, 0]
				},
				"LeftForeArm": {
					"rotation": {
						"0.0": [0, 0, 0],
						"0.0417": [-42.5, 0, 0],
						"0.0833": [-17.5, 0, 0],
						"0.125": [-43.5, 3.91, -6.97],
						"0.1667": [-65.75, 6.28, -13.65],
						"0.2083": [-53.39, 2.96, -14.55],
						"0.25": [-29.54, -2.42, -13.67],
						"0.2917": [-10.75, -6, -11.32],
						"0.3333": [-2.74, -4.93, -3.14],
						"0.375": [-1.43, -2.06, 4.23],
						"0.4167": [-0.13, -0.79, 3.09],
						"0.4583": [0, 0, 0]
					},
					"position": [0, 0, 0]
				},
				"RightArm": {
					"rotation": {
						"0.0": [0, 0, 0],
						"0.0417": [-67.42, -4.62, -1.92],
						"0.0833": [-87.42, -4.62, -1.92],
						"0.125": [-85.46, -12.41, 20.41],
						"0.1667": [-76.62, -20.2, 42.74],
						"0.2083": [-67, -22.1, 47.63],
						"0.25": [-54.68, -22.27, 47.56],
						"0.2917": [-41.62, -20.2, 42.74],
						"0.3333": [-26.71, -14.22, 30.09],
						"0.375": [-11.05, -5.99, 12.68],
						"0.4167": [0, 0, 0],
						"0.4583": [0, 0, 0]
					},
					"position": [0, 0, 0]
				},
				"RightForeArm": {
					"rotation": {
						"0.0": [0, 0, 0],
						"0.0417": [0, 0, 0],
						"0.0833": [0, 0, -1.26],
						"0.125": [0, 0, -3.18],
						"0.1667": [0, 0, -5.22],
						"0.2083": [0, 0, -6.84],
						"0.25": [0, 0, -7.5],
						"0.2917": [0, 0, -6.5],
						"0.3333": [0, 0, -4.22],
						"0.375": [0, 0, -1.7],
						"0.4167": [0, 0, 0],
						"0.4583": [0, 0, 0]
					},
					"position": [0, 0, 0]
				},
				"LeftLeg": {
					"rotation": {
						"0.0": [0, 0, 0],
						"0.0417": [-20, -5, 0],
						"0.0833": [-31.4, -7.38, -1.83],
						"0.125": [-40.15, -9.22, -3.6],
						"0.1667": [-38.86, -9.84, -3.08],
						"0.2083": [-38.69, -9.08, -1.7],
						"0.25": [-37.76, -7.76, -0.34],
						"0.2917": [-35.86, -5.95, 0.04],
						"0.3333": [-30.31, -3.91, 0.07],
						"0.375": [-14.69, -1.71, 0.06],
						"0.4167": [0, 0, 0],
						"0.4583": [0, 0, 0]
					},
					"position": {
						"0.0": [0, 0, 0],
						"0.0417": [0, 0, 0],
						"0.0833": [0, 0, 0],
						"0.125": [0, 0, 0],
						"0.1667": [0, 0, 0],
						"0.2083": [0, 0, 0],
						"0.25": [0, 0, 0],
						"0.2917": [0, 0, 0],
						"0.3333": [0, 0, 0],
						"0.375": [0, 0, 0],
						"0.4167": [0, 0, 0],
						"0.4583": [0, 0, 0]
					}
				},
				"LeftLowerLeg": {
					"rotation": {
						"0.0": [0, 0, 0],
						"0.0417": [35, 0, 0],
						"0.0833": [50.73, -0.09, 0.12],
						"0.125": [62.15, -0.18, 0.24],
						"0.1667": [62.5, -0.26, 0.27],
						"0.2083": [63.16, -0.29, 0.28],
						"0.25": [62.5, -0.26, 0.27],
						"0.2917": [60.64, -0.06, 0.22],
						"0.3333": [52.25, 0.13, 0.15],
						"0.375": [25.48, 0.09, 0.07],
						"0.4167": [0, 0, 0],
						"0.4583": [0, 0, 0]
					},
					"position": {
						"0.0": [0, 0, 0],
						"0.0417": [0, 0, 0],
						"0.0833": [0, 0, 0],
						"0.125": [0, 0, 0],
						"0.1667": [0, 0, 0],
						"0.2083": [0, 0, 0],
						"0.25": [0, 0, 0],
						"0.2917": [0, 0, 0],
						"0.3333": [0, 0, 0],
						"0.375": [0, 0, 0],
						"0.4167": [0, 0, 0],
						"0.4583": [0, 0, 0]
					}
				},
				"LeftFoot": {
					"rotation": {
						"0.0": [0, 0, 0],
						"0.0417": [-10, 0, 0],
						"0.0833": [-9.26, 0, 0.02],
						"0.125": [-6.85, 0, 0.05],
						"0.1667": [-5, 0, 0.07],
						"0.2083": [-4.15, 0.01, 0.07],
						"0.25": [-5, 0, 0.07],
						"0.2917": [-10.12, -0.06, 0.11],
						"0.3333": [-13.55, -0.1, 0.13],
						"0.375": [-7.31, -0.06, 0.07],
						"0.4167": [0, 0, 0],
						"0.4583": [0, 0, 0]
					},
					"position": {
						"0.0": [0, 0, 0],
						"0.0417": [0, 0, 0],
						"0.0833": [0, 0, 0],
						"0.125": [0, 0, 0],
						"0.1667": [0, 0, 0],
						"0.2083": [0, 0, 0],
						"0.25": [0, 0, 0],
						"0.2917": [0, 0, 0],
						"0.3333": [0, 0, 0],
						"0.375": [0, 0, 0],
						"0.4167": [0, 0, 0],
						"0.4583": [0, 0, 0]
					}
				},
				"RightLeg": {
					"rotation": {
						"0.0": [0, 0, 0],
						"0.0417": [-25.14, -7.15, 2.27],
						"0.0833": [-20.22, -9.1, 0.23],
						"0.125": [22.99, -9.7, -1.47],
						"0.1667": [27.18, -8.8, -0.07],
						"0.2083": [26.71, -7.43, 2.07],
						"0.25": [24.21, -6.11, 3.49],
						"0.2917": [16.21, -4.42, 3.21],
						"0.3333": [7.18, -2.83, 2.06],
						"0.375": [2.53, -1.21, 0.94],
						"0.4167": [0, 0, 0],
						"0.4583": [0, 0, 0]
					},
					"position": {
						"0.0": [0, 0, 0],
						"0.0417": [0, 0, 0],
						"0.0833": [0, 0, 0],
						"0.125": [0, 0, 0],
						"0.1667": [0, 0, 0],
						"0.2083": [0, 0, 0],
						"0.25": [0, 0, 0],
						"0.2917": [0, 0, 0],
						"0.3333": [0, 0, 0],
						"0.375": [0, 0, 0],
						"0.4167": [0, 0, 0],
						"0.4583": [0, 0, 0]
					}
				},
				"RightLowerLeg": {
					"rotation": {
						"0.0": [0, 0, 0],
						"0.0417": [15, 0, 0],
						"0.0833": [7.12, -0.3, 0.03],
						"0.125": [37.49, -0.6, 0.06],
						"0.1667": [39.73, -0.65, 0.08],
						"0.2083": [38.7, -0.67, 0.1],
						"0.25": [38.49, -0.65, 0.11],
						"0.2917": [45.64, -0.51, 0.09],
						"0.3333": [46.81, -0.33, 0.06],
						"0.375": [23.92, -0.14, 0.03],
						"0.4167": [0, 0, 0],
						"0.4583": [0, 0, 0]
					},
					"position": {
						"0.0": [0, 0, 0],
						"0.0417": [0, 0, 0],
						"0.0833": [0, 0, 0],
						"0.125": [0, 0, 0],
						"0.1667": [0, 0, 0],
						"0.2083": [0, 0, 0],
						"0.25": [0, 0, 0],
						"0.2917": [0, 0, 0],
						"0.3333": [0, 0, 0],
						"0.375": [0, 0, 0],
						"0.4167": [0, 0, 0],
						"0.4583": [0, 0, 0]
					}
				},
				"RightFoot": {
					"rotation": {
						"0.0": [0, 0, 0],
						"0.0417": [0, 0, 0],
						"0.0833": [-29.31, 0.33, -0.49],
						"0.125": [-42.49, 0.67, -0.9],
						"0.1667": [-42.56, 0.72, -0.74],
						"0.2083": [-40.16, 0.74, -0.46],
						"0.25": [-33.51, 0.71, -0.23],
						"0.2917": [-8.41, 0.56, -0.11],
						"0.3333": [13.81, 0.36, -0.07],
						"0.375": [9.86, 0.16, -0.03],
						"0.4167": [0, 0, 0],
						"0.4583": [0, 0, 0]
					},
					"position": {
						"0.0": [0, 0, 0],
						"0.0417": [0, 0, 0],
						"0.0833": [0, 0, 0],
						"0.125": [0, 0, 0],
						"0.1667": [0, 0, 0],
						"0.2083": [0, 0, 0],
						"0.25": [0, 0, 0],
						"0.2917": [0, 0, 0],
						"0.3333": [0, 0, 0],
						"0.375": [0, 0, 0],
						"0.4167": [0, 0, 0],
						"0.4583": [0, 0, 0]
					}
				},
				"AllBody": {
					"rotation": [0, 0, 0],
					"position": [0, 0, 0],
					"scale": 1
				},
				"AllHead": {
					"rotation": {
						"0.0": [0, 0, 0],
						"0.0417": [17.5, 0, 0],
						"0.0833": [0, 0, 0]
					},
					"position": [0, 0, 0]
				},
				"Head": {
					"rotation": {
						"0.0": [0, 0, 0],
						"0.0417": [-30.09, -4.33, 2.5],
						"0.0833": [9.88, -7.24, 1.95],
						"0.125": [26.71, -6.52, 1.68],
						"0.1667": [37.9, -4.87, 1.36],
						"0.2083": [39.33, -3.37, 1.05],
						"0.25": [37.07, -1.63, 0.7],
						"0.2917": [32.7, -0.34, 0.42],
						"0.3333": [20.82, 0.17, 0.24],
						"0.375": [8.52, 0.11, 0.15],
						"0.4167": [2.75, 0.08, 0.06],
						"0.4583": [0, 0, 0]
					}
				},
				"DownBody": {
					"rotation": {
						"0.0": [0, 0, 0],
						"0.0417": [-5.19, 0.03, 0.09],
						"0.0833": [-12.32, 0.06, 0.18],
						"0.125": [-17.5, 0, 0],
						"0.1667": [-19.44, -0.25, -0.79],
						"0.2083": [-19.43, -0.58, -1.85],
						"0.25": [-17.48, -0.75, -2.38],
						"0.2917": [-13.93, -0.65, -2.07],
						"0.3333": [-8.74, -0.42, -1.34],
						"0.375": [-3.55, -0.17, -0.54],
						"0.4167": [0, 0, 0],
						"0.4583": [0, 0, 0]
					}
				}
			}
		},
		"death": {
			"loop": "hold_on_last_frame",
			"animation_length": 1,
			"bones": {
				"Root": {
					"rotation": {
						"0.0": {
							"post": [0, 0, 0],
							"lerp_mode": "catmullrom"
						}
					},
					"position": {
						"0.0": {
							"post": [0, 0, 0],
							"lerp_mode": "catmullrom"
						},
						"0.125": {
							"post": [0, -2.14, -3.76],
							"lerp_mode": "catmullrom"
						},
						"0.2083": {
							"post": [0, -15, -5],
							"lerp_mode": "catmullrom"
						},
						"0.25": {
							"post": [0, -15.5, -5.2],
							"lerp_mode": "catmullrom"
						},
						"0.2917": [0, -15.451, -5.21601],
						"0.3333": [0, -15.31807, -5.2822],
						"0.375": [0, -15.1777, -5.40269],
						"0.4167": [0, -15.07194, -5.51621],
						"0.4583": [0, -15, -5.6],
						"0.5": [0, -14.92841, -5.64706],
						"0.5417": [0, -14.81692, -5.68674],
						"0.5833": [0, -14.63961, -5.80499],
						"0.625": [0, -14.35265, -6.13532],
						"0.6667": [0, -13.87231, -6.888],
						"0.7083": [0, -13, -8.4],
						"0.75": {
							"pre": [1.5, -12.6, -15.3],
							"post": [1.5, -12.6, -15.3],
							"lerp_mode": "catmullrom"
						},
						"0.8333": {
							"post": [3, -19.3, -21],
							"lerp_mode": "catmullrom"
						},
						"0.9167": {
							"post": [3, -19.3, -21],
							"lerp_mode": "catmullrom"
						},
						"1.0": {
							"post": [3, -19.3, -21],
							"lerp_mode": "catmullrom"
						}
					},
					"scale": {
						"0.0": {
							"post": [1, 1, 1],
							"lerp_mode": "catmullrom"
						}
					}
				},
				"UpBody": {
					"rotation": {
						"0.0": {
							"post": [0, 0, 0],
							"lerp_mode": "catmullrom"
						},
						"0.0833": {
							"post": [5, 0, 0],
							"lerp_mode": "catmullrom"
						},
						"0.1667": {
							"post": [-24.83417, -7.76009, -1.50304],
							"lerp_mode": "catmullrom"
						},
						"0.2083": {
							"post": [-9.90252, -7.71304, -1.49392],
							"lerp_mode": "catmullrom"
						},
						"0.25": {
							"post": [30.72512, -12.43469, -3.14489],
							"lerp_mode": "catmullrom"
						},
						"0.2917": {
							"post": [30.00228, -3.80058, 1.95635],
							"lerp_mode": "catmullrom"
						},
						"0.4167": {
							"post": [33.75667, -6.05763, -2.54723],
							"lerp_mode": "catmullrom"
						},
						"0.625": {
							"post": [35.52425, -9.92737, -2.40285],
							"lerp_mode": "catmullrom"
						},
						"0.7083": {
							"post": [-4.38559, 3.22137, 6.32168],
							"lerp_mode": "catmullrom"
						},
						"0.8333": {
							"post": [-50.64045, -8.07988, 12.37047],
							"lerp_mode": "catmullrom"
						},
						"0.9167": {
							"post": [0, 0, 0],
							"lerp_mode": "catmullrom"
						},
						"1.0": {
							"post": [0, 0, 0],
							"lerp_mode": "catmullrom"
						}
					},
					"position": {
						"0.0": {
							"post": [0, 0, 0],
							"lerp_mode": "catmullrom"
						}
					}
				},
				"UpperBody": {
					"rotation": {
						"0.0": {
							"post": [0, 0, 0],
							"lerp_mode": "catmullrom"
						}
					},
					"position": {
						"0.0": {
							"post": [0, 0, 0],
							"lerp_mode": "catmullrom"
						}
					}
				},
				"LeftArm": {
					"rotation": {
						"0.0": {
							"post": [0, 0, 0],
							"lerp_mode": "catmullrom"
						},
						"0.0833": {
							"post": [12.66, 0, 0],
							"lerp_mode": "catmullrom"
						},
						"0.1667": {
							"post": [50, 0, 0],
							"lerp_mode": "catmullrom"
						},
						"0.25": {
							"post": [15, 0, 0],
							"lerp_mode": "catmullrom"
						},
						"0.2917": {
							"post": [-45, 0, 0],
							"lerp_mode": "catmullrom"
						},
						"0.4167": {
							"post": [-27.20276, 0.2671, 2.05803],
							"lerp_mode": "catmullrom"
						},
						"0.5417": {
							"post": [-35, 0, 0],
							"lerp_mode": "catmullrom"
						},
						"0.7083": {
							"post": [-65, 0, 0],
							"lerp_mode": "catmullrom"
						},
						"0.7917": {
							"post": [-95, 0, 0],
							"lerp_mode": "catmullrom"
						},
						"0.8333": {
							"post": [-70.31272, 12.04265, -11.74902],
							"lerp_mode": "catmullrom"
						},
						"0.875": {
							"post": [-67.34001, -41.14298, -35.64199],
							"lerp_mode": "catmullrom"
						},
						"0.9167": {
							"post": [-30.55376, -82.04275, -64.99123],
							"lerp_mode": "catmullrom"
						},
						"1.0": {
							"post": [-30.55376, -82.04275, -64.99123],
							"lerp_mode": "catmullrom"
						}
					},
					"position": {
						"0.0": {
							"post": [0, 0, 0],
							"lerp_mode": "catmullrom"
						}
					}
				},
				"LeftForeArm": {
					"rotation": {
						"0.0417": {
							"pre": [0, 0, 0],
							"post": [0, 0, 0],
							"lerp_mode": "catmullrom"
						},
						"0.2083": {
							"post": [12.5, 0, 0],
							"lerp_mode": "catmullrom"
						},
						"0.25": {
							"post": [-37.5, 0, 0],
							"lerp_mode": "catmullrom"
						},
						"0.3333": {
							"post": [-22.5, 0, 0],
							"lerp_mode": "catmullrom"
						},
						"0.4583": {
							"post": [2.5, 0, 0],
							"lerp_mode": "catmullrom"
						},
						"0.6667": {
							"post": [-39.64, 0, 0],
							"lerp_mode": "catmullrom"
						},
						"0.7917": {
							"post": [-55, 0, 0],
							"lerp_mode": "catmullrom"
						},
						"0.875": {
							"post": [0, 0, 0],
							"lerp_mode": "catmullrom"
						},
						"1.0": {
							"post": [0, 0, 0],
							"lerp_mode": "catmullrom"
						}
					}
				},
				"RightArm": {
					"rotation": {
						"0.0": {
							"post": [0, 0, 0],
							"lerp_mode": "catmullrom"
						},
						"0.0833": {
							"post": [12.66, 0, 0],
							"lerp_mode": "catmullrom"
						},
						"0.1667": {
							"post": [50, 0, 0],
							"lerp_mode": "catmullrom"
						},
						"0.25": {
							"post": [15, 0, 0],
							"lerp_mode": "catmullrom"
						},
						"0.2917": {
							"post": [-45, 0, 0],
							"lerp_mode": "catmullrom"
						},
						"0.5": {
							"post": [-25, 0, 0],
							"lerp_mode": "catmullrom"
						},
						"0.625": {
							"post": [-27.5, 0, 0],
							"lerp_mode": "catmullrom"
						},
						"0.7083": {
							"post": [-27.5, 0, 0],
							"lerp_mode": "catmullrom"
						},
						"0.7917": {
							"post": [35, 0, 0],
							"lerp_mode": "catmullrom"
						},
						"0.875": {
							"post": [12.5, 0, 0],
							"lerp_mode": "catmullrom"
						},
						"0.9167": {
							"post": [2.34, 0, 0],
							"lerp_mode": "catmullrom"
						},
						"0.9583": {
							"post": [3.03, 0, 0],
							"lerp_mode": "catmullrom"
						},
						"1.0": {
							"post": [0, 0, 0],
							"lerp_mode": "catmullrom"
						}
					},
					"position": {
						"0.0": {
							"post": [0, 0, 0],
							"lerp_mode": "catmullrom"
						}
					}
				},
				"RightForeArm": {
					"rotation": {
						"0.0417": {
							"pre": [0, 0, 0],
							"post": [0, 0, 0],
							"lerp_mode": "catmullrom"
						},
						"0.2083": {
							"post": [12.5, 0, 0],
							"lerp_mode": "catmullrom"
						},
						"0.25": {
							"post": [-37.5, 0, 0],
							"lerp_mode": "catmullrom"
						},
						"0.3333": {
							"post": [-22.5, 0, 0],
							"lerp_mode": "catmullrom"
						},
						"0.5417": {
							"post": [2.5, 0, 0],
							"lerp_mode": "catmullrom"
						},
						"0.6667": {
							"post": [-4.64, 0, 0],
							"lerp_mode": "catmullrom"
						},
						"0.7917": {
							"post": [10, 0, 0],
							"lerp_mode": "catmullrom"
						},
						"0.875": {
							"post": [0, 0, 0],
							"lerp_mode": "catmullrom"
						},
						"1.0": {
							"post": [0, 0, 0],
							"lerp_mode": "catmullrom"
						}
					},
					"position": {
						"0.0": {
							"post": [0, 0, 0],
							"lerp_mode": "catmullrom"
						}
					}
				},
				"LeftLeg": {
					"rotation": {
						"0.0": {
							"post": [0, 0, 0],
							"lerp_mode": "catmullrom"
						},
						"0.125": {
							"post": [-25, 0, 0],
							"lerp_mode": "catmullrom"
						},
						"0.2083": {
							"post": [-57.60889, -20.45451, -9.82134],
							"lerp_mode": "catmullrom"
						},
						"0.25": {
							"post": [-56.90483, -21.58105, -10.36225],
							"lerp_mode": "catmullrom"
						},
						"0.4583": {
							"post": [-47.93354, -21.20318, -12.20191],
							"lerp_mode": "catmullrom"
						},
						"0.7083": {
							"post": [-47.66887, -25.04508, -9.47576],
							"lerp_mode": "catmullrom"
						},
						"0.75": {
							"post": [-27.28171, -30.55147, -1.05229],
							"lerp_mode": "catmullrom"
						},
						"0.8333": {
							"post": [-2.49753, -17.31941, -3.12638],
							"lerp_mode": "catmullrom"
						},
						"0.9167": {
							"post": [-1.69457, -14.91244, -5.82147],
							"lerp_mode": "catmullrom"
						},
						"1.0": {
							"post": [-1.69457, -14.91244, -5.82147],
							"lerp_mode": "catmullrom"
						}
					},
					"position": {
						"0.0": {
							"post": [0, 0, 0],
							"lerp_mode": "catmullrom"
						}
					}
				},
				"LeftLowerLeg": {
					"rotation": {
						"0.0": {
							"post": [0, 0, 0],
							"lerp_mode": "catmullrom"
						},
						"0.125": {
							"post": [62.5, 0, 0],
							"lerp_mode": "catmullrom"
						},
						"0.2083": {
							"post": [150, 0, 0],
							"lerp_mode": "catmullrom"
						},
						"0.25": {
							"post": [149.82, 0, 0],
							"lerp_mode": "catmullrom"
						},
						"0.4583": {
							"post": [145.34, 0, 0],
							"lerp_mode": "catmullrom"
						},
						"0.7083": {
							"post": [129.75, 0, 0],
							"lerp_mode": "catmullrom"
						},
						"0.75": {
							"post": [77.53, 0, 0],
							"lerp_mode": "catmullrom"
						},
						"0.8333": {
							"post": [2.25, 0, 0],
							"lerp_mode": "catmullrom"
						},
						"0.9167": {
							"post": [2.25, 0, 0],
							"lerp_mode": "catmullrom"
						},
						"1.0": {
							"post": [2.25, 0, 0],
							"lerp_mode": "catmullrom"
						}
					},
					"position": {
						"0.0": {
							"post": [0, 0, 0],
							"lerp_mode": "catmullrom"
						}
					}
				},
				"LeftFoot": {
					"rotation": {
						"0.0": {
							"post": [0, 0, 0],
							"lerp_mode": "catmullrom"
						},
						"0.0833": {
							"post": [27.5, 0, 0],
							"lerp_mode": "catmullrom"
						},
						"0.2083": {
							"post": [60.21271, -3.74196, -6.50446],
							"lerp_mode": "catmullrom"
						},
						"0.25": {
							"post": [60.21271, -3.74196, -6.50446],
							"lerp_mode": "catmullrom"
						},
						"0.7083": {
							"post": [60.21271, -3.74196, -6.50446],
							"lerp_mode": "catmullrom"
						}
					},
					"position": {
						"0.0": {
							"post": [0, 0, 0],
							"lerp_mode": "catmullrom"
						}
					}
				},
				"RightLeg": {
					"rotation": {
						"0.0": {
							"post": [0, 0, 0],
							"lerp_mode": "catmullrom"
						},
						"0.125": {
							"post": [-6.61955, 9.96156, 5.07673],
							"lerp_mode": "catmullrom"
						},
						"0.2083": {
							"post": [-59.30953, -2.92881, 10.87865],
							"lerp_mode": "catmullrom"
						},
						"0.25": {
							"post": [-59.71144, -3.63875, 11.19819],
							"lerp_mode": "catmullrom"
						},
						"0.4583": {
							"post": [-51.67332, -4.51315, 10.85223],
							"lerp_mode": "catmullrom"
						},
						"0.7083": {
							"post": [-49.41814, -3.13239, 11.2312],
							"lerp_mode": "catmullrom"
						},
						"0.75": {
							"post": [-22.93159, 6.93068, 12.25452],
							"lerp_mode": "catmullrom"
						},
						"0.8333": {
							"post": [-1.94044, 0.9156, 17.30341],
							"lerp_mode": "catmullrom"
						},
						"0.9167": {
							"post": [-1.94044, 0.9156, 17.30341],
							"lerp_mode": "catmullrom"
						},
						"1.0": {
							"post": [-1.94044, 0.9156, 17.30341],
							"lerp_mode": "catmullrom"
						}
					},
					"position": {
						"0.0": {
							"post": [0, 0, 0],
							"lerp_mode": "catmullrom"
						}
					}
				},
				"RightLowerLeg": {
					"rotation": {
						"0.0": {
							"post": [0, 0, 0],
							"lerp_mode": "catmullrom"
						},
						"0.125": {
							"post": [42.5, 0, 0],
							"lerp_mode": "catmullrom"
						},
						"0.2083": {
							"post": [150, 0, 0],
							"lerp_mode": "catmullrom"
						},
						"0.25": {
							"post": [153.42, 0, 0],
							"lerp_mode": "catmullrom"
						},
						"0.4583": {
							"post": [148.37, 0, 0],
							"lerp_mode": "catmullrom"
						},
						"0.7083": {
							"post": [127, 0, 0],
							"lerp_mode": "catmullrom"
						},
						"0.8333": {
							"post": [2, 0, 0],
							"lerp_mode": "catmullrom"
						},
						"0.9167": {
							"post": [2, 0, 0],
							"lerp_mode": "catmullrom"
						},
						"1.0": {
							"post": [2, 0, 0],
							"lerp_mode": "catmullrom"
						}
					},
					"position": {
						"0.0": {
							"post": [0, 0, 0],
							"lerp_mode": "catmullrom"
						}
					}
				},
				"RightFoot": {
					"rotation": {
						"0.0": {
							"post": [0, 0, 0],
							"lerp_mode": "catmullrom"
						},
						"0.125": {
							"post": [-22.5, 0, 0],
							"lerp_mode": "catmullrom"
						},
						"0.2083": {
							"post": [55, 0, 0],
							"lerp_mode": "catmullrom"
						},
						"0.25": {
							"post": [55, 0, 0],
							"lerp_mode": "catmullrom"
						},
						"0.7083": {
							"post": [55, 0, 0],
							"lerp_mode": "catmullrom"
						}
					},
					"position": {
						"0.0": {
							"post": [0, 0, 0],
							"lerp_mode": "catmullrom"
						}
					}
				},
				"AllBody": {
					"rotation": {
						"0.0": {
							"post": [0, 0, 0],
							"lerp_mode": "catmullrom"
						},
						"0.0417": [-0.06619, 0, 0],
						"0.0833": [-0.35199, 0, 0],
						"0.125": [-0.98057, 0, 0],
						"0.1667": [-1.9204, 0, 0],
						"0.25": [-4.16, 0, 0],
						"0.2917": [-5.19423, 0, 0],
						"0.3333": [-6.02893, 0, 0],
						"0.375": [-6.67508, 0, 0],
						"0.4167": [-7.12217, 0, 0],
						"0.4583": [-7.34235, 0, 0],
						"0.5": [-7.28629, 0, 0],
						"0.5417": [-6.86874, 0, 0],
						"0.5833": [-5.92952, 0, 0],
						"0.625": [-4.10317, 0, 0],
						"0.6667": [0, 0, 0],
						"0.7083": [15.36757, 0, 0],
						"0.75": [42.35391, 0, 0],
						"0.7917": [72.12795, 0, 0],
						"0.8333": {
							"pre": [90, 0, 0],
							"post": [90, 0, 0],
							"lerp_mode": "catmullrom"
						},
						"0.9167": {
							"post": [90, 0, 0],
							"lerp_mode": "catmullrom"
						},
						"1.0": {
							"post": [90, 0, 0],
							"lerp_mode": "catmullrom"
						}
					},
					"position": {
						"0.0": {
							"post": [0, 0, 0],
							"lerp_mode": "catmullrom"
						}
					},
					"scale": {
						"0.0": {
							"post": [1, 1, 1],
							"lerp_mode": "catmullrom"
						}
					}
				},
				"AllHead": {
					"rotation": {
						"0.0": {
							"post": [0, 0, 0],
							"lerp_mode": "catmullrom"
						}
					},
					"position": {
						"0.0": {
							"post": [0, 0, 0],
							"lerp_mode": "catmullrom"
						}
					}
				},
				"Head": {
					"rotation": {
						"0.0": {
							"post": [0, 0, 0],
							"lerp_mode": "catmullrom"
						},
						"0.0833": {
							"post": [13.34, 0, 0],
							"lerp_mode": "catmullrom"
						},
						"0.2083": {
							"post": [-32.5, 0, 0],
							"lerp_mode": "catmullrom"
						},
						"0.25": {
							"post": [60, 0, 0],
							"lerp_mode": "catmullrom"
						},
						"0.4167": {
							"post": [52.56874, 3.50447, 0.46365],
							"lerp_mode": "catmullrom"
						},
						"0.6667": {
							"post": [54.92064, 0.63499, -3.63409],
							"lerp_mode": "catmullrom"
						},
						"0.7917": {
							"post": [-0.07936, 0.63499, -3.63409],
							"lerp_mode": "catmullrom"
						},
						"0.9167": {
							"post": [0, 0, 0],
							"lerp_mode": "catmullrom"
						},
						"1.0": {
							"post": [0, 0, 0],
							"lerp_mode": "catmullrom"
						}
					},
					"position": {
						"0.0": {
							"post": [0, 0, 0],
							"lerp_mode": "catmullrom"
						}
					}
				}
			}
		},
		"sleep": {
			"animation_length": 0.375,
			"bones": {
				"Root": {
					"rotation": [-13.25506, -77.79629, 23.76148],
					"position": [-10, 0, -3],
					"scale": 1
				},
				"UpBody": {
					"rotation": [9.41388, -20.06196, -12.39768],
					"position": [0, 0, 0]
				},
				"LeftArm": {
					"rotation": [-54.66535, 11.22664, 27.74797],
					"position": [0, 0, 0]
				},
				"LeftForeArm": {
					"rotation": [-130, 0, 0],
					"position": [0, 0, 0]
				},
				"RightArm": {
					"rotation": [-40.90645, -40.70616, 3.31228],
					"position": [0, 0, 0]
				},
				"RightForeArm": {
					"rotation": [-120, 0, 0],
					"position": [0, 0, 0]
				},
				"LeftLeg": {
					"rotation": [-9.17477, -9.65456, -3.96222],
					"position": [0, 0, 1]
				},
				"LeftLowerLeg": {
					"rotation": [50, 0, 0],
					"position": [0, 0, 0]
				},
				"LeftFoot": {
					"rotation": [40.09907, -4.21541, -2.69136],
					"position": [0, 0, 0]
				},
				"RightLeg": {
					"rotation": [-34.58491, -30.36568, -6.61237],
					"position": [0, 0, 1]
				},
				"RightLowerLeg": {
					"rotation": [97.52832, 4.95712, 0.65426],
					"position": [0, 0, 0]
				},
				"RightFoot": {
					"rotation": [15.53761, -1.28421, -15.29695],
					"position": [0, 0, 0]
				},
				"AllBody": {
					"rotation": [0, 0, 0],
					"position": [0, 0, 0],
					"scale": 1
				},
				"AllHead": {
					"rotation": [0, 0, 0],
					"position": [0, 0, 0]
				},
				"Head": {
					"rotation": {
						"0.0": {
							"post": [5.16524, 27.0478, 11.24314],
							"lerp_mode": "catmullrom"
						}
					},
					"position": {
						"0.0": {
							"post": [0, 0, 0],
							"lerp_mode": "catmullrom"
						}
					}
				},
				"RightEyelid": {
					"scale": 0
				},
				"LeftEyelid": {
					"scale": 0
				},
				"DownBody": {
					"rotation": [-30, 0, 0]
				},
				"Eyebrow": {
					"position": [0, -1, 0]
				}
			}
		},
		"use_mainhand": {
			"animation_length": 0.375,
			"bones": {
				"RightArm": {
					"rotation": {
						"0.0": [0, 0, 0],
						"0.0833": [3.52, 1.12, 18.13],
						"0.125": [-7.5, 0, 35],
						"0.2083": [-43.79, -17.87, 24.92],
						"0.25": [-45.07, -31.77, 9.3],
						"0.2917": [-22.62, -16.75, 3.67],
						"0.375": [0, 0, 0]
					}
				},
				"RightForeArm": {
					"rotation": {
						"0.0": [0, 0, 0],
						"0.0417": [-17.97, 0, 0],
						"0.0833": [-122.5, 0, 0],
						"0.2083": [-76.22, 0, 0],
						"0.25": [-15, 0, 0],
						"0.2917": [-0.78, 0, 0],
						"0.375": [0, 0, 0]
					}
				}
			}
		},
		"use_offhand": {
			"animation_length": 0.375,
			"bones": {
				"LeftArm": {
					"rotation": {
						"0.0": [0, 0, 0],
						"0.0833": [3.52, -1.12, -18.13],
						"0.125": [-7.5, 0, -35],
						"0.2083": [-43.79, 17.87, -24.92],
						"0.25": [-45.07, 31.77, -9.3],
						"0.2917": [-22.62, 16.75, -3.67],
						"0.375": [0, 0, 0]
					}
				},
				"LeftForeArm": {
					"rotation": {
						"0.0": [0, 0, 0],
						"0.0833": [-17.97, 0, 0],
						"0.125": [-122.5, 0, 0],
						"0.2083": [-76.22, 0, 0],
						"0.25": [-15, 0, 0],
						"0.2917": [-0.78, 0, 0],
						"0.375": [0, 0, 0]
					}
				}
			}
		},
		"swing_hand": {
			"animation_length": 0.375,
			"bones": {
				"RightArm": {
					"rotation": {
						"0.0": [0, 0, 0],
						"0.0833": [3.52, 1.12, 18.13],
						"0.125": [-7.5, 0, 35],
						"0.2083": [-43.79, -17.87, 24.92],
						"0.25": [-45.07, -31.77, 9.3],
						"0.2917": [-22.62, -16.75, 3.67],
						"0.375": [0, 0, 0]
					}
				},
				"RightForeArm": {
					"rotation": {
						"0.0": [0, 0, 0],
						"0.0417": [-17.97, 0, 0],
						"0.0833": [-122.5, 0, 0],
						"0.2083": [-76.22, 0, 0],
						"0.25": [-15, 0, 0],
						"0.2917": [-0.78, 0, 0],
						"0.375": [0, 0, 0]
					}
				}
			}
		},
		"parallel0": {
			"loop": true,
			"animation_length": 0.375,
			"bones": {
				"MupperBody_yifu_1": {
					"scale": "ysm.has_helmet"
				},
				"MupperBody_yifu_1_A": {
					"scale": "ysm.has_helmet"
				},
				"Waist_yifu_1": {
					"scale": "ysm.has_helmet"
				},
				"UpperBody_yifu_1": {
					"scale": "ysm.has_helmet"
				},
				"AllHead_yifu1": {
					"scale": "ysm.has_helmet"
				},
				"AHead": {
					"scale": "!ysm.has_helmet"
				},
				"Head_yifu1": {
					"scale": "ysm.has_helmet"
				},
				"Ear": {
					"scale": "!ysm.has_helmet"
				},
				"jiao_Left_yifu": {
					"scale": "ysm.has_helmet"
				},
				"jiao_Right_yifu": {
					"scale": "ysm.has_helmet"
				},
				"Hair": {
					"scale": "!ysm.has_helmet"
				},
				"Face": {
					"scale": "!ysm.has_helmet"
				},
				"RightArm_yifu_1": {
					"scale": "ysm.has_helmet"
				},
				"RightForeArm_yifu_1": {
					"scale": "ysm.has_helmet"
				},
				"Right_Hand_yifu1": {
					"scale": "ysm.has_helmet"
				},
				"RightLeg_yifu1": {
					"scale": "ysm.has_helmet"
				},
				"RightLower_leg_yifu_1": {
					"scale": "ysm.has_helmet"
				},
				"RightFoot_yifu_1": {
					"scale": "ysm.has_helmet"
				},
				"LeftArm_yifu_1": {
					"scale": "ysm.has_helmet"
				},
				"LeftForeArm_yifu_1": {
					"scale": "ysm.has_helmet"
				},
				"Left_Hand_yifu1": {
					"scale": "ysm.has_helmet"
				},
				"LeftLeg_yifu1": {
					"scale": "ysm.has_helmet"
				},
				"LeftLower_leg_yifu_1": {
					"scale": "ysm.has_helmet"
				},
				"LeftFoot_yifu_1": {
					"scale": "ysm.has_helmet"
				},
				"UpperBody_yifu_1ZSB": {
					"scale": "ysm.has_helmet"
				},
				"Breast": {
					"scale": "!ysm.has_helmet"
				}
			}
		},
		"parallel1": {
			"loop": true,
			"bones": {
				"RightEyesBase": {
					"position": ["ysm.head_yaw/180", "ysm.head_pitch/360", 0]
				},
				"LeftEyesBase": {
					"position": ["ysm.head_yaw/180", "ysm.head_pitch/360", 0]
				}
			}
		},
		"parallel2": {
			"loop": true,
			"animation_length": 0.4167,
			"timeline": {
				"0.0": [
					"v.L1_F=2;",
					"v.L1_C=0.6;",
					"v.L1_R=90;",
					"v.L1_K1=v.L1_C/math.pi/v.L1_F;",
					"v.L1_K2=1/math.pow(2*math.pi*v.L1_F,2);",
					"v.L1_K3=v.L1_R*v.L1_C/2/math.pi/v.L1_F;"
				],
				"0.04": [
					"v.L2_F=2;",
					"v.L2_C=0.6;",
					"v.L2_R=60;",
					"v.L2_K1=v.L2_C/math.pi/v.L2_F;",
					"v.L2_K2=1/math.pow(2*math.pi*v.L2_F,2);",
					"v.L2_K3=v.L2_R*v.L2_C/2/math.pi/v.L2_F;"
				],
				"0.08": [
					"v.L3_F=2;",
					"v.L3_C=0.6;",
					"v.L3_R=15;",
					"v.L3_K1=v.L3_C/math.pi/v.L3_F;",
					"v.L3_K2=1/math.pow(2*math.pi*v.L3_F,2);",
					"v.L3_K3=v.L3_R*v.L3_C/2/math.pi/v.L3_F;"
				],
				"0.13": [
					"v.L4_F=2;",
					"v.L4_C=0.5;",
					"v.L4_R=28;",
					"v.L4_K1=v.L4_C/math.pi/v.L4_F;",
					"v.L4_K2=1/math.pow(2*math.pi*v.L4_F,2);",
					"v.L4_K3=v.L4_R*v.L4_C/2/math.pi/v.L4_F;"
				],
				"0.17": [
					"v.L5_F=2;",
					"v.L5_C=0.5;",
					"v.L5_R=28;",
					"v.L5_K1=v.L5_C/math.pi/v.L5_F;",
					"v.L5_K2=1/math.pow(2*math.pi*v.L5_F,2);",
					"v.L5_K3=v.L5_R*v.L5_C/2/math.pi/v.L5_F;"
				],
				"0.21": [
					"v.L6_F=1.2;",
					"v.L6_C=0.8;",
					"v.L6_R=10;",
					"v.L6_K1=v.L6_C/math.pi/v.L6_F;",
					"v.L6_K2=1/math.pow(2*math.pi*v.L6_F,2);",
					"v.L6_K3=v.L6_R*v.L6_C/2/math.pi/v.L6_F;"
				],
				"0.25": [
					"v.L7_F=5;",
					"v.L7_C=0.2;",
					"v.L7_R=160;",
					"v.L7_K1=v.L7_C/math.pi/v.L7_F;",
					"v.L7_K2=1/math.pow(2*math.pi*v.L7_F,2);",
					"v.L7_K3=v.L7_R*v.L7_C/2/math.pi/v.L7_F;"
				],
				"0.29": [
					"v.L8_F=5;",
					"v.L8_C=0.2;",
					"v.L8_R=160;",
					"v.L8_K1=v.L8_C/math.pi/v.L8_F;",
					"v.L8_K2=1/math.pow(2*math.pi*v.L8_F,2);",
					"v.L8_K3=v.L8_R*v.L8_C/2/math.pi/v.L8_F;"
				],
				"0.33": [
					"v.L9_F=1.2;",
					"v.L9_C=0.6;",
					"v.L9_R=10;",
					"v.L9_K1=v.L9_C/math.pi/v.L9_F;",
					"v.L9_K2=1/math.pow(2*math.pi*v.L9_F,2);",
					"v.L9_K3=v.L9_R*v.L9_C/2/math.pi/v.L9_F;"
				],
				"0.38": [
					"v.L10_F=1.2;",
					"v.L10_C=0.6;",
					"v.L10_R=10;",
					"v.L10_K1=v.L10_C/math.pi/v.L10_F;",
					"v.L10_K2=1/math.pow(2*math.pi*v.L10_F,2);",
					"v.L10_K3=v.L10_R*v.L10_C/2/math.pi/v.L10_F;"
				],
				"0.42": [
					"v.L11_F=1.2;",
					"v.L11_C=0.6;",
					"v.L11_R=10;",
					"v.L11_K1=v.L11_C/math.pi/v.L11_F;",
					"v.L11_K2=1/math.pow(2*math.pi*v.L11_F,2);",
					"v.L11_K3=v.L11_R*v.L11_C/2/math.pi/v.L11_F;"
				]
			}
		},
		"parallel3": {
			"loop": true,
			"animation_length": 0.01,
			"bones": {
				"Breast": {
					"rotation": {
						"0.0": ["v.L7_P0+v.L8_P0", "-0.1*v.L4_P0", 0],
						"0.01": ["v.L7_P1+v.L8_P1", "-0.1*v.L4_P1", 0]
					},
					"scale": {
						"0.0": ["1-0.002*(v.L7_P0+v.L8_P0)", "1+0.01*(v.L7_P0+v.L8_P0)", "1-0.008*(v.L7_P0+v.L8_P0)"],
						"0.01": ["1-0.002*(v.L7_P1+v.L8_P1)", "1+0.01*(v.L7_P1+v.L8_P1)", "1-0.008*(v.L7_P1+v.L8_P1)"]
					}
				},
				"MAllBody": {
					"rotation": {
						"0.0": ["v.elytra?-v.L6_P00", 0, 0],
						"0.01": ["v.elytra?-v.L6_P10", 0, 0]
					}
				},
				"AllBody": {
					"rotation": {
						"0.0": [0, "v.elytra?1.5*v.L6_P0-0.4*v.L4_P0", "v.elytra?0.6*v.L6_P0"],
						"0.01": [0, "v.elytra?1.5*v.L6_P1-0.4*v.L4_P1", "v.elytra?0.6*v.L6_P1"]
					}
				}
			},
			"timeline": {
				"0.0": [
					"v.L1_P1=v.L1_P0+0.01*v.L1_P0dot;",
					"v.L2_P1=v.L2_P0+0.01*v.L2_P0dot;",
					"v.L3_P1=v.L3_P0+0.01*v.L3_P0dot;",
					"v.L4_P1=v.L4_P0+0.01*v.L4_P0dot;",
					"v.L5_P1=v.L5_P0+0.01*v.L5_P0dot;",
					"v.L6_P1=v.L6_P0+0.01*v.L6_P0dot;",
					"v.L6_P10=v.L6_P00+0.01*v.L6_P00dot;",
					"v.L7_P1=v.L7_P0+0.01*v.L7_P0dot;",
					"v.L8_P1=v.L8_P0+0.01*v.L8_P0dot;",
					"v.L9_P1=v.L9_P0+0.01*v.L9_P0dot;",
					"v.L10_P1=v.L10_P0+0.01*v.L10_P0dot;",
					"v.L11_P1=v.L11_P0+0.01*v.L11_P0dot;",
					"'头发垂直速度物理'",
					"v.L1_P1dot=v.L1_P0dot+0.01*(v.L1_K3*math.clamp(q.vertical_speed+v.hv,-30,1)-v.L1_P1-v.L1_K1*v.L1_P0dot)/v.L1_K2;",
					"'头发水平速度物理'",
					"v.L2_P1dot=v.L2_P0dot+0.01*(v.L2_K3*math.clamp(2*q.ground_speed+v.hg,0,30)-v.L2_P1-v.L2_K1*v.L2_P0dot)/v.L2_K2;",
					"'头发水平角速度物理'",
					"v.L3_P1dot=v.L3_P0dot+0.01*(v.L3_K3*math.clamp(q.yaw_speed,-600,600)-v.L3_P1-v.L3_K1*v.L3_P0dot)/v.L3_K2;",
					"'胸部水平角速度物理'",
					"v.L4_P1dot=v.L4_P0dot+0.01*(v.L4_K3*math.clamp((math.min(q.yaw_speed,-300)+math.max(q.yaw_speed,300)),-300,300)-v.L4_P1-v.L4_K1*v.L4_P0dot)/v.L4_K2;",
					"'玩家头发垂直角度物理'",
					"v.L5_P1dot=v.L5_P0dot+0.01*(v.L5_K3*(ysm.head_pitch>-40?ysm.head_pitch:-40)-v.L5_P1-v.L5_K1*v.L5_P0dot)/v.L5_K2;",
					"'玩家头部水平角度物理'",
					"v.L6_P1dot=v.L6_P0dot+0.01*(v.L6_K3*ysm.head_yaw-v.L6_P1-v.L6_K1*v.L6_P0dot)/v.L6_K2;",
					"'玩家头部垂直角度物理'",
					"v.L6_P10dot=v.L6_P00dot+0.01*(v.L6_K3*ysm.head_pitch-v.L6_P10-v.L6_K1*v.L6_P00dot)/v.L6_K2;",
					"'胸部垂直速度物理'",
					"v.L7_P1dot=v.L7_P0dot+0.01*(v.L7_K3*math.clamp(q.vertical_speed+v.bv,-30,30)-v.L7_P1-v.L7_K1*v.L7_P0dot)/v.L7_K2;",
					"'胸部水平速度物理'",
					"v.L8_P1dot=v.L8_P0dot+0.01*(v.L8_K3*math.clamp(q.ground_speed+v.bg,0,20)-v.L8_P1-v.L8_K1*v.L8_P0dot)/v.L8_K2;",
					"'玩家x坐标增量物理'",
					"v.L9_P1dot=v.L9_P0dot+0.01*(v.L9_K3*(100*query.position_delta(0))-v.L9_P1-v.L9_K1*v.L9_P0dot)/v.L9_K2;",
					"'玩家y坐标增量物理'",
					"v.L10_P1dot=v.L10_P0dot+0.01*(v.L10_K3*(100*query.position_delta(1))-v.L10_P1-v.L10_K1*v.L10_P0dot)/v.L10_K2;",
					"'玩家z坐标增量物理'",
					"v.L11_P1dot=v.L11_P0dot+0.01*(v.L11_K3*(100*query.position_delta(2))-v.L11_P1-v.L11_K1*v.L11_P0dot)/v.L11_K2;"
				],
				"0.01": [
					"v.L1_P0=v.L1_P1;",
					"v.L2_P0=v.L2_P1;",
					"v.L3_P0=v.L3_P1;",
					"v.L4_P0=v.L4_P1;",
					"v.L5_P0=v.L5_P1;",
					"v.L6_P0=v.L6_P1;",
					"v.L6_P00=v.L6_P10;",
					"v.L7_P0=v.L7_P1;",
					"v.L8_P0=v.L8_P1;",
					"v.L9_P0=v.L9_P1;",
					"v.L10_P0=v.L10_P1;",
					"v.L11_P0=v.L11_P1;",
					"v.L1_P0dot=v.L1_P1dot;",
					"v.L2_P0dot=v.L2_P1dot;",
					"v.L3_P0dot=v.L3_P1dot;",
					"v.L4_P0dot=v.L4_P1dot;",
					"v.L5_P0dot=v.L5_P1dot;",
					"v.L6_P0dot=v.L6_P1dot;",
					"v.L6_P00dot=v.L6_P10dot;",
					"v.L7_P0dot=v.L7_P1dot;",
					"v.L8_P0dot=v.L8_P1dot;",
					"v.L9_P0dot=v.L9_P1dot;",
					"v.L10_P0dot=v.L10_P1dot;",
					"v.L11_P0dot=v.L11_P1dot;"
				]
			}
		},
		"parallel4": {
			"loop": true
		},
		"parallel5": {
			"loop": true
		},
		"parallel6": {
			"loop": true
		},
		"parallel7": {
			"loop": true
		},
		"pre_parallel0": {
			"loop": true,
			"animation_length": 4,
			"bones": {
				"Eyebrow": {
					"position": {
						"0.0": [0, 0, 0],
						"0.2525": [0, -0.5, 0],
						"0.5051": [0, 0, 0]
					}
				},
				"ElytraLocator": {
					"rotation": {
						"0.0": ["-0.6*v.L1_P0+0.6*v.L2_P0", 0, "0.1*v.L3_P0"],
						"0.0101": ["-0.6*v.L1_P1+0.6*v.L2_P1", 0, "0.1*v.L3_P1"]
					}
				},
				"ElytraMolang": {
					"rotation": ["v.elytra=0", 0, 0]
				},
				"hammer": {
					"scale": 0
				},
				"ear_Left": {
					"rotation": {
						"0.0": {
							"post": [0, 0, 0],
							"lerp_mode": "catmullrom"
						},
						"0.4949": {
							"post": [0, 0, -5],
							"lerp_mode": "catmullrom"
						},
						"1.0": {
							"post": [0, 0, 0],
							"lerp_mode": "catmullrom"
						}
					}
				},
				"ear_Right": {
					"rotation": {
						"0.0": {
							"post": [0, 0, 0],
							"lerp_mode": "catmullrom"
						},
						"0.4949": {
							"post": [0, 0, 5],
							"lerp_mode": "catmullrom"
						},
						"1.0": {
							"post": [0, 0, 0],
							"lerp_mode": "catmullrom"
						}
					}
				},
				"liuhai": {
					"rotation": {
						"0.0": {
							"post": [0, 0, 0],
							"lerp_mode": "catmullrom"
						},
						"0.9899": {
							"post": [2, 0, 0],
							"lerp_mode": "catmullrom"
						},
						"2.0": {
							"post": [0, 0, 0],
							"lerp_mode": "catmullrom"
						},
						"2.9899": {
							"post": [2, 0, 0],
							"lerp_mode": "catmullrom"
						},
						"4.0": {
							"post": [0, 0, 0],
							"lerp_mode": "catmullrom"
						}
					}
				},
				"jiemao_Right": {
					"position": {
						"0.0": [0, 0, 0],
						"0.2525": [0, 0.4, 0],
						"0.5051": [0, 0, 0]
					}
				},
				"RightEyelid": {
					"scale": {
						"0.0": [1, 1, 1],
						"0.2525": [1, 0, 1],
						"0.5051": [1, 1, 1]
					}
				},
				"jiemao_Left": {
					"position": {
						"0.0": [0, 0, 0],
						"0.2525": [0, 0.4, 0],
						"0.5051": [0, 0, 0]
					}
				},
				"LeftEyelid": {
					"scale": {
						"0.0": [1, 1, 1],
						"0.2525": [1, 0, 1],
						"0.5051": [1, 1, 1]
					}
				},
				"hammer_Right": {
					"scale": 0
				},
				"hammer_TX2": {
					"scale": 0
				},
				"hammer_TXA5": {
					"scale": 0
				},
				"hammer_TXA_2": {
					"scale": 0
				},
				"BHL": {
					"scale": 0
				},
				"hammer_Left": {
					"scale": 0
				},
				"hammer_TX5": {
					"scale": 0
				},
				"Hammer_TX_4": {
					"scale": 0
				},
				"hammer_TXA10": {
					"scale": 0
				},
				"hammer_TXA11": {
					"scale": 0
				},
				"hammer_TXA12": {
					"scale": 0
				},
				"hammer_TXA_5A5": {
					"scale": 0
				},
				"hammer_TXA_5A6": {
					"scale": 0
				},
				"rad_SD": {
					"scale": 0
				}
			}
		},
		"pre_parallel1": {
			"loop": true,
			"animation_length": 0.04167,
			"bones": {
				"hammer_pd2": {
					"rotation": [0, 0, "0.1*v.L3_P1"]
				},
				"FLongHair": {
					"rotation": {
						"0.0": ["v.L5_P0", 0, 0],
						"0.0417": ["v.L5_P1", 0, 0]
					}
				},
				"MLongHair": {
					"rotation": {
						"0.0": ["-v.L1_P0+v.L2_P0", 0, "0.1*v.L3_P0"],
						"0.0417": ["-v.L1_P1+v.L2_P1", 0, "0.1*v.L3_P1"]
					}
				}
			}
		},
		"pre_parallel2": {
			"loop": true
		},
		"pre_parallel3": {
			"loop": true
		},
		"pre_parallel4": {
			"loop": true
		},
		"pre_parallel5": {
			"loop": true
		},
		"pre_parallel6": {
			"loop": true
		},
		"pre_parallel7": {
			"loop": true
		}
	}
}