{
	"pack_name": "{maid_pack.enenowoa.name}",
	"model_list": [
		{
			"model_id": "enenowoa:ny_yp",
			"is_gecko": true,
			"animation": [
				"enenowoa:animation/ny_yp.main.animation.json",
				"enenowoa:animation/ny_yp.condition.animation.json",
				"enenowoa:animation/ny_yp.tac.animation.json"
			],
			"description": ["{model.enenowoa.ny_yp.desc}"],
			"use_sound_pack_id": "enenowoa",
			"render_entity_scale": 0.7
		},
		{
			"model_id": "enenowoa:ny_dn06",
			"is_gecko": true,
			"render_entity_scale": 0.7,
			"use_sound_pack_id": "enenowoa",
			"description": ["{model.enenowoa.ny_dn06.desc}"],
			"animation": [
				"enenowoa:animation/ny_dn06.main.animation.json",
				"enenowoa:animation/ny_dn06.condition.animation.json",
				"enenowoa:animation/ny_dn06.tac.animation.json"
			]
		},
		{
			"model_id": "enenowoa:ny_hys",
			"is_gecko": true,
			"render_entity_scale": 0.7,
			"use_sound_pack_id": "enenowoa",
			"description": ["{model.enenowoa.ny_hys.desc}"],
			"animation": [
				"enenowoa:animation/ny_hys.main.animation.json",
				"enenowoa:animation/ny_hys.condition.animation.json",
				"enenowoa:animation/ny_hys.tac.animation.json"
			]
		},
		{
			"model_id": "enenowoa:red_lb01",
			"is_gecko": true,
			"render_entity_scale": 0.7,
			"use_sound_pack_id": "red_sond",
			"animation": [
				"enenowoa:animation/red_lb01.main.animation.json",
				"enenowoa:animation/red_lb01.condition.animation.json",
				"enenowoa:animation/red_lb01.tac.animation.json"
			],
			"description": ["{model.enenowoa.red_lb01.desc}"]
		},
		{
			"model_id": "enenowoa:zt_yz",
			"is_gecko": true,
			"render_entity_scale": 0.7,
			"description": ["{model.enenowoa.zt_yz.desc}"],
			"animation": [
				"enenowoa:animation/zt_yz.main.animation.json",
				"enenowoa:animation/zt_yz.condition.animation.json",
				"enenowoa:animation/zt_yz.tac.animation.json"
			],
			"use_sound_pack_id": "zt_sond"
		},
		{
			"model_id": "enenowoa:ny_wl",
			"is_gecko": true,
			"use_sound_pack_id": "enenowoa",
			"description": ["{model.enenowoa.ny_wl.desc}"],
			"animation": [
				"enenowoa:animation/ny_wl.main.animation.json",
				"enenowoa:animation/ny_wl.condition.animation.json",
				"enenowoa:animation/ny_wl.tac.animation.json"
			],
			"render_entity_scale": 0.7
		},
		{
			"model_id": "enenowoa:hoolheyak",
			"is_gecko": true,
			"description": ["{model.enenowoa.hoolheyak.desc}"],
			"animation": [
				"enenowoa:animation/hoolheyak.main.animation.json",
				"enenowoa:animation/hoolheyak.condition.animation.json",
				"enenowoa:animation/hoolheyak.tac.animation.json"
			],
			"render_entity_scale": 0.65,
			"use_sound_pack_id": "hoolheyak_sond"
		},
		{
			"model_id": "enenowoa:dorothy",
			"is_gecko": true,
			"render_entity_scale": 0.65,
			"description": ["{model.enenowoa.dorothy.desc}"],
			"animation": [
				"enenowoa:animation/dorothy.main.animation.json",
				"enenowoa:animation/dorothy.condition.animation.json",
				"enenowoa:animation/dorothy.tac.animation.json"
			],
			"use_sound_pack_id": "dorothy_sond"
		},
		{
			"model_id": "enenowoa:muelsyes",
			"is_gecko": true,
			"render_entity_scale": 0.65,
			"description": ["{model.enenowoa.muelsyes.desc}"],
			"animation": [
				"enenowoa:animation/muelsyes.main.animation.json",
				"enenowoa:animation/muelsyes.condition.animation.json",
				"enenowoa:animation/muelsyes.tac.animation.json"
			],
			"use_sound_pack_id": "muelsyse_sond"
		}
	],
	"version": "1.1.0",
	"author": ["嗯嗯owo"],
	"description": ["{maid_pack.enenowoa.desc}"],
	"date": "2024-11-03",
	"icon": "enenowoa:textures/maid_icon.png"
}